Open,High,Low,Close,Volume,Dividends,Stock Splits
143.55,143.82,143.22,143.75,1329060,0.0,0.0
143.73,143.73,143.24,143.28,212610,0.0,0.0
143.26,143.33,143.13,143.29,218827,0.0,0.0
143.27,143.58,143.22,143.51,199527,0.0,0.0
143.52,143.72,143.32,143.35,228031,0.0,0.0
143.35,143.86,143.32,143.81,202089,0.0,0.0
143.82,144.4,143.81,144.39,330709,0.0,0.0
144.4,144.56,144.35,144.5,241462,0.0,0.0
144.5,144.95,144.5,144.91,312870,0.0,0.0
144.9,145.06,144.76,144.86,336273,0.0,0.0
144.87,144.9,144.58,144.67,159338,0.0,0.0
144.69,144.85,144.56,144.83,115690,0.0,0.0
144.84,145.22,144.72,145.22,218597,0.0,0.0
145.22,145.59,145.09,145.58,327594,0.0,0.0
145.57,145.99,145.52,145.88,347733,0.0,0.0
145.88,145.96,145.42,145.43,264439,0.0,0.0
145.4,145.53,145.26,145.36,162512,0.0,0.0
145.35,145.73,145.34,145.59,190585,0.0,0.0
145.6,145.67,145.31,145.64,129827,0.0,0.0
145.62,145.82,145.48,145.82,135980,0.0,0.0
145.84,146.01,145.78,145.99,214416,0.0,0.0
146.0,146.01,145.53,145.57,152051,0.0,0.0
145.58,145.88,145.56,145.79,107596,0.0,0.0
145.8,145.96,145.66,145.94,115406,0.0,0.0
145.93,145.94,145.61,145.69,143687,0.0,0.0
145.68,145.96,145.65,145.96,112268,0.0,0.0
145.96,145.99,145.84,145.86,154124,0.0,0.0
145.85,145.87,145.65,145.74,161060,0.0,0.0
145.75,145.83,145.7,145.75,101292,0.0,0.0
145.75,145.85,145.71,145.82,59349,0.0,0.0
145.8,146.09,145.7,145.96,563981,0.0,0.0
145.96,146.18,145.9,146.1,211472,0.0,0.0
146.09,146.44,146.05,146.38,213154,0.0,0.0
146.38,146.44,146.23,146.36,139800,0.0,0.0
146.35,146.58,146.32,146.51,223824,0.0,0.0
146.53,146.6,146.34,146.48,165218,0.0,0.0
146.47,146.63,146.42,146.59,171852,0.0,0.0
146.59,146.83,146.52,146.8,186728,0.0,0.0
146.82,146.93,146.77,146.89,171780,0.0,0.0
146.9,147.0,146.79,146.95,172501,0.0,0.0
146.93,147.1,146.89,147.05,336489,0.0,0.0
147.06,147.25,147.04,147.09,281039,0.0,0.0
147.07,147.12,146.84,147.05,219461,0.0,0.0
147.05,147.21,146.94,146.94,199081,0.0,0.0
146.93,147.43,146.93,147.41,357480,0.0,0.0
147.41,147.5,147.34,147.4,383329,0.0,0.0
147.39,147.63,147.35,147.49,280863,0.0,0.0
147.49,147.59,147.46,147.51,186856,0.0,0.0
147.49,147.57,147.46,147.54,202200,0.0,0.0
147.53,147.7,147.53,147.68,120848,0.0,0.0
147.66,147.76,147.61,147.64,213202,0.0,0.0
147.64,147.74,147.49,147.69,202519,0.0,0.0
147.68,147.89,147.67,147.71,199705,0.0,0.0
147.69,147.75,147.36,147.5,249759,0.0,0.0
147.49,147.62,147.47,147.51,193408,0.0,0.0
147.5,147.51,147.16,147.19,300590,0.0,0.0
147.19,147.28,147.05,147.11,192739,0.0,0.0
147.1,147.32,147.02,147.26,215702,0.0,0.0
147.29,147.39,147.22,147.34,124043,0.0,0.0
147.34,147.37,147.24,147.27,137052,0.0,0.0
147.27,147.46,147.15,147.45,143673,0.0,0.0
147.44,147.64,147.41,147.61,197843,0.0,0.0
147.62,147.62,147.41,147.49,96259,0.0,0.0
147.49,147.8,147.47,147.77,180399,0.0,0.0
147.77,147.79,147.62,147.72,136469,0.0,0.0
147.72,147.89,147.68,147.88,175686,0.0,0.0
147.88,147.94,147.82,147.9,177622,0.0,0.0
147.9,147.95,147.77,147.93,125252,0.0,0.0
147.94,148.29,147.92,148.17,562031,0.0,0.0
148.16,148.3,148.1,148.3,202773,0.0,0.0
148.31,148.49,148.25,148.39,345749,0.0,0.0
148.38,148.48,148.3,148.37,272491,0.0,0.0
148.37,148.52,148.32,148.43,303709,0.0,0.0
148.44,148.57,148.38,148.49,206120,0.0,0.0
148.47,148.51,148.3,148.33,189117,0.0,0.0
148.32,148.49,148.26,148.31,203111,0.0,0.0
148.29,148.44,148.23,148.4,140621,0.0,0.0
148.4,148.41,147.91,147.91,152607,0.0,0.0
147.92,148.0,147.8,147.94,142141,0.0,0.0
147.95,148.12,147.88,148.07,115598,0.0,0.0
148.07,148.12,147.88,147.9,121570,0.0,0.0
147.91,148.0,147.82,147.85,872101,0.0,0.0
147.87,147.88,147.66,147.71,187418,0.0,0.0
147.71,147.83,147.64,147.81,125112,0.0,0.0
147.8,147.8,147.52,147.59,262732,0.0,0.0
147.6,147.68,147.6,147.65,119680,0.0,0.0
147.65,147.74,147.6,147.63,136138,0.0,0.0
147.62,147.68,147.44,147.51,131845,0.0,0.0
147.51,147.59,147.42,147.43,125346,0.0,0.0
147.41,147.48,147.36,147.41,114993,0.0,0.0
147.41,147.54,147.39,147.51,155140,0.0,0.0
147.52,147.57,147.44,147.5,105557,0.0,0.0
147.48,147.57,147.43,147.43,98116,0.0,0.0
147.43,147.69,147.43,147.61,137268,0.0,0.0
147.62,147.64,147.52,147.54,93265,0.0,0.0
147.54,147.63,147.53,147.62,52470,0.0,0.0
147.63,147.86,147.62,147.86,118700,0.0,0.0
147.86,147.89,147.76,147.8,81250,0.0,0.0
147.79,147.8,147.63,147.74,137818,0.0,0.0
147.74,147.84,147.74,147.74,97611,0.0,0.0
147.74,147.78,147.6,147.74,85772,0.0,0.0
147.75,147.76,147.6,147.64,78876,0.0,0.0
147.65,147.73,147.62,147.62,98135,0.0,0.0
147.63,147.65,147.29,147.29,149265,0.0,0.0
147.3,147.38,147.27,147.29,117238,0.0,0.0
147.3,147.32,147.15,147.21,101002,0.0,0.0
147.21,147.32,147.06,147.09,105660,0.0,0.0
147.09,147.09,146.84,146.85,188298,0.0,0.0
146.85,146.86,146.73,146.74,133608,0.0,0.0
146.75,146.76,146.61,146.68,134433,0.0,0.0
146.68,146.73,146.53,146.66,159239,0.0,0.0
146.65,146.75,146.62,146.74,95165,0.0,0.0
146.74,146.82,146.71,146.74,121001,0.0,0.0
146.74,146.76,146.62,146.67,74342,0.0,0.0
146.68,146.7,146.53,146.57,121768,0.0,0.0
146.57,146.58,146.46,146.56,104213,0.0,0.0
146.57,146.83,146.57,146.8,127513,0.0,0.0
146.79,146.79,146.68,146.73,99819,0.0,0.0
146.72,146.74,146.6,146.62,68077,0.0,0.0
146.63,146.64,146.32,146.35,113961,0.0,0.0
146.35,146.51,146.31,146.48,163370,0.0,0.0
146.48,146.56,146.44,146.46,65939,0.0,0.0
146.47,146.7,146.46,146.69,74271,0.0,0.0
146.69,146.73,146.6,146.66,84620,0.0,0.0
146.66,146.7,146.56,146.58,56993,0.0,0.0
146.59,146.73,146.54,146.66,56034,0.0,0.0
146.65,146.66,146.53,146.6,59248,0.0,0.0
146.59,146.62,146.5,146.59,53960,0.0,0.0
146.58,146.61,146.45,146.51,93078,0.0,0.0
146.5,146.57,146.43,146.53,48854,0.0,0.0
146.54,146.7,146.54,146.67,56684,0.0,0.0
146.68,146.75,146.66,146.71,56466,0.0,0.0
146.7,146.74,146.61,146.66,60697,0.0,0.0
146.65,146.67,146.43,146.45,48327,0.0,0.0
146.45,146.6,146.45,146.6,53912,0.0,0.0
146.61,146.63,146.54,146.61,40861,0.0,0.0
146.62,146.66,146.57,146.66,50500,0.0,0.0
146.65,146.79,146.65,146.74,93816,0.0,0.0
146.72,146.73,146.66,146.68,30340,0.0,0.0
146.69,146.72,146.6,146.6,43550,0.0,0.0
146.59,146.59,146.44,146.44,65857,0.0,0.0
146.44,146.45,146.34,146.36,92458,0.0,0.0
146.33,146.33,146.05,146.07,175451,0.0,0.0
146.08,146.09,145.88,145.93,143714,0.0,0.0
145.93,145.96,145.79,145.84,98074,0.0,0.0
145.84,145.99,145.83,145.92,100443,0.0,0.0
145.91,146.05,145.86,146.05,99376,0.0,0.0
146.05,146.13,145.99,145.99,59806,0.0,0.0
145.99,146.05,145.97,146.02,52434,0.0,0.0
146.03,146.19,145.99,146.18,60769,0.0,0.0
146.19,146.34,146.17,146.26,83815,0.0,0.0
146.28,146.28,146.06,146.08,103610,0.0,0.0
146.09,146.28,146.07,146.23,62323,0.0,0.0
146.23,146.34,146.13,146.31,136477,0.0,0.0
146.3,146.35,146.26,146.29,70639,0.0,0.0
146.29,146.32,146.21,146.25,41059,0.0,0.0
146.23,146.34,146.2,146.29,68416,0.0,0.0
146.3,146.32,146.17,146.18,52512,0.0,0.0
146.18,146.32,146.18,146.28,77210,0.0,0.0
146.27,146.32,146.22,146.32,51217,0.0,0.0
146.33,146.37,146.16,146.21,79779,0.0,0.0
146.22,146.26,146.19,146.19,35144,0.0,0.0
146.2,146.32,146.2,146.28,34473,0.0,0.0
146.27,146.31,146.22,146.25,32260,0.0,0.0
146.25,146.27,146.15,146.17,43861,0.0,0.0
146.18,146.27,146.17,146.25,60500,0.0,0.0
146.23,146.25,146.15,146.23,61401,0.0,0.0
146.24,146.31,146.23,146.25,61951,0.0,0.0
146.26,146.28,146.21,146.25,27382,0.0,0.0
146.24,146.24,146.1,146.12,51090,0.0,0.0
146.11,146.16,146.01,146.1,69269,0.0,0.0
146.1,146.2,146.09,146.16,41839,0.0,0.0
146.16,146.25,146.15,146.18,47922,0.0,0.0
146.19,146.19,146.1,146.11,41712,0.0,0.0
146.11,146.15,145.98,145.98,49667,0.0,0.0
145.98,146.09,145.98,146.03,102308,0.0,0.0
146.04,146.12,145.93,146.12,71036,0.0,0.0
146.1,146.19,146.07,146.16,57575,0.0,0.0
146.15,146.22,146.08,146.08,61589,0.0,0.0
146.08,146.17,146.05,146.15,36747,0.0,0.0
146.15,146.18,146.09,146.09,32921,0.0,0.0
146.1,146.15,146.08,146.11,33174,0.0,0.0
146.1,146.19,146.08,146.14,122491,0.0,0.0
146.14,146.22,146.06,146.06,71763,0.0,0.0
146.07,146.12,146.01,146.07,54733,0.0,0.0
146.09,146.23,146.07,146.22,60225,0.0,0.0
146.21,146.24,146.13,146.2,57131,0.0,0.0
146.2,146.23,146.15,146.16,39602,0.0,0.0
146.16,146.17,145.98,146.04,58835,0.0,0.0
146.06,146.09,145.99,146.05,40281,0.0,0.0
146.05,146.16,145.99,146.09,61835,0.0,0.0
146.09,146.13,146.05,146.05,42779,0.0,0.0
146.06,146.13,146.01,146.03,54618,0.0,0.0
146.02,146.07,145.84,145.91,112592,0.0,0.0
145.92,145.96,145.87,145.87,71346,0.0,0.0
145.87,145.89,145.78,145.84,76223,0.0,0.0
145.85,145.86,145.68,145.76,86999,0.0,0.0
145.76,145.92,145.76,145.9,56621,0.0,0.0
145.89,146.03,145.89,145.98,44061,0.0,0.0
145.99,146.07,145.94,146.04,68102,0.0,0.0
146.05,146.14,146.05,146.13,59695,0.0,0.0
146.11,146.11,146.01,146.07,33071,0.0,0.0
146.06,146.08,146.03,146.06,30942,0.0,0.0
146.08,146.09,145.92,145.99,49243,0.0,0.0
145.98,146.0,145.92,145.95,42373,0.0,0.0
145.96,146.0,145.9,145.97,41236,0.0,0.0
145.96,146.02,145.95,146.0,38939,0.0,0.0
145.99,146.05,145.99,146.04,32745,0.0,0.0
146.04,146.16,146.03,146.15,109886,0.0,0.0
146.15,146.21,146.15,146.18,60941,0.0,0.0
146.17,146.22,146.15,146.16,57119,0.0,0.0
146.15,146.17,146.05,146.07,48036,0.0,0.0
146.07,146.14,146.07,146.13,35514,0.0,0.0
146.12,146.18,146.07,146.17,50879,0.0,0.0
146.18,146.28,146.18,146.21,68815,0.0,0.0
146.22,146.33,146.15,146.18,136387,0.0,0.0
146.18,146.38,146.17,146.33,78572,0.0,0.0
146.33,146.42,146.33,146.4,83883,0.0,0.0
146.39,146.43,146.31,146.33,64381,0.0,0.0
146.33,146.35,146.25,146.34,59658,0.0,0.0
146.35,146.42,146.34,146.37,53421,0.0,0.0
146.37,146.38,146.28,146.36,41786,0.0,0.0
146.36,146.42,146.34,146.36,56864,0.0,0.0
146.34,146.37,146.21,146.35,54866,0.0,0.0
146.33,146.36,146.3,146.34,30042,0.0,0.0
146.35,146.36,146.25,146.29,44999,0.0,0.0
146.29,146.31,146.2,146.22,54829,0.0,0.0
146.22,146.29,146.21,146.22,21620,0.0,0.0
146.21,146.29,146.16,146.26,26142,0.0,0.0
146.27,146.39,146.26,146.36,67133,0.0,0.0
146.36,146.48,146.35,146.47,87496,0.0,0.0
146.48,146.49,146.43,146.49,47665,0.0,0.0
146.48,146.55,146.48,146.54,64325,0.0,0.0
146.54,146.6,146.5,146.56,40274,0.0,0.0
146.56,146.59,146.53,146.58,44158,0.0,0.0
146.59,146.62,146.55,146.56,58202,0.0,0.0
146.56,146.59,146.53,146.53,25161,0.0,0.0
146.53,146.56,146.46,146.55,80530,0.0,0.0
146.55,146.56,146.47,146.53,40426,0.0,0.0
146.55,146.55,146.48,146.53,42989,0.0,0.0
146.54,146.56,146.38,146.44,57332,0.0,0.0
146.43,146.65,146.43,146.65,52774,0.0,0.0
146.65,146.73,146.59,146.65,150912,0.0,0.0
146.65,146.72,146.6,146.7,101327,0.0,0.0
146.7,146.8,146.68,146.8,68520,0.0,0.0
146.8,146.84,146.74,146.74,76058,0.0,0.0
146.74,146.74,146.5,146.53,67727,0.0,0.0
146.53,146.62,146.52,146.62,39929,0.0,0.0
146.62,146.7,146.62,146.66,64811,0.0,0.0
146.66,146.71,146.62,146.7,46144,0.0,0.0
146.7,146.78,146.64,146.77,60664,0.0,0.0
146.77,146.77,146.61,146.69,44185,0.0,0.0
146.68,146.81,146.68,146.8,42863,0.0,0.0
146.79,146.87,146.78,146.85,90732,0.0,0.0
146.85,146.87,146.8,146.82,53753,0.0,0.0
146.82,146.83,146.7,146.7,38589,0.0,0.0
146.69,146.71,146.63,146.63,43030,0.0,0.0
146.63,146.67,146.52,146.65,75937,0.0,0.0
146.65,146.67,146.55,146.56,39608,0.0,0.0
146.57,146.62,146.54,146.61,30451,0.0,0.0
146.61,146.61,146.55,146.58,30151,0.0,0.0
146.58,146.69,146.58,146.69,29923,0.0,0.0
146.69,146.76,146.66,146.74,53890,0.0,0.0
146.74,146.76,146.68,146.7,28992,0.0,0.0
146.7,146.79,146.7,146.78,23893,0.0,0.0
146.77,146.79,146.76,146.77,29506,0.0,0.0
146.77,146.81,146.75,146.78,47956,0.0,0.0
146.78,146.79,146.69,146.78,50141,0.0,0.0
146.79,146.8,146.74,146.79,24843,0.0,0.0
146.79,146.85,146.78,146.85,55102,0.0,0.0
146.85,146.88,146.77,146.79,61066,0.0,0.0
146.78,146.84,146.75,146.82,47100,0.0,0.0
146.82,146.84,146.76,146.83,32460,0.0,0.0
146.85,146.87,146.8,146.83,29913,0.0,0.0
146.82,146.86,146.79,146.85,42851,0.0,0.0
146.85,146.88,146.72,146.72,59148,0.0,0.0
146.74,146.76,146.62,146.66,63632,0.0,0.0
146.66,146.72,146.65,146.68,57493,0.0,0.0
146.69,146.84,146.69,146.81,60318,0.0,0.0
146.82,146.87,146.77,146.86,56633,0.0,0.0
146.88,146.91,146.87,146.88,65636,0.0,0.0
146.88,146.94,146.85,146.92,59822,0.0,0.0
146.93,147.02,146.92,146.96,92435,0.0,0.0
146.96,146.98,146.91,146.94,51281,0.0,0.0
146.93,146.99,146.93,146.96,37397,0.0,0.0
146.96,147.05,146.96,147.04,73426,0.0,0.0
147.05,147.07,146.99,146.99,55287,0.0,0.0
146.99,147.07,146.99,147.05,42776,0.0,0.0
147.05,147.1,147.04,147.08,53701,0.0,0.0
147.07,147.1,147.02,147.06,42102,0.0,0.0
147.06,147.08,147.01,147.07,44343,0.0,0.0
147.08,147.09,147.01,147.02,41356,0.0,0.0
147.01,147.04,146.99,146.99,65293,0.0,0.0
146.99,147.04,146.97,146.99,67116,0.0,0.0
147.0,147.0,146.97,146.99,39224,0.0,0.0
146.99,147.05,146.98,146.98,40651,0.0,0.0
146.98,147.02,146.93,147.01,50402,0.0,0.0
147.01,147.04,147.01,147.04,31952,0.0,0.0
147.04,147.07,146.99,147.01,39539,0.0,0.0
147.01,147.07,146.99,147.05,35161,0.0,0.0
147.05,147.07,146.96,146.99,53704,0.0,0.0
146.98,147.04,146.98,147.02,44318,0.0,0.0
147.01,147.01,146.92,146.94,70216,0.0,0.0
146.93,146.99,146.91,146.98,47093,0.0,0.0
146.98,146.98,146.91,146.92,31985,0.0,0.0
146.92,146.98,146.91,146.96,46474,0.0,0.0
146.96,146.97,146.92,146.93,30031,0.0,0.0
146.92,146.93,146.81,146.83,119049,0.0,0.0
146.81,146.91,146.81,146.85,64191,0.0,0.0
146.85,146.88,146.83,146.86,48441,0.0,0.0
146.85,146.89,146.81,146.81,66598,0.0,0.0
146.82,146.84,146.71,146.76,130373,0.0,0.0
146.75,146.78,146.72,146.77,53377,0.0,0.0
146.76,146.76,146.71,146.74,46725,0.0,0.0
146.74,146.75,146.66,146.68,42966,0.0,0.0
146.68,146.73,146.67,146.71,42998,0.0,0.0
146.71,146.8,146.64,146.8,74169,0.0,0.0
146.79,146.83,146.71,146.73,35805,0.0,0.0
146.73,146.81,146.7,146.8,40117,0.0,0.0
146.8,146.87,146.79,146.86,47664,0.0,0.0
146.86,146.92,146.83,146.91,48168,0.0,0.0
146.92,146.96,146.91,146.93,43881,0.0,0.0
146.92,146.96,146.91,146.96,50492,0.0,0.0
146.95,146.99,146.95,146.99,37259,0.0,0.0
146.97,146.98,146.94,146.95,38665,0.0,0.0
146.95,146.98,146.94,146.96,37784,0.0,0.0
146.96,147.04,146.95,147.02,56302,0.0,0.0
147.01,147.14,147.01,147.09,85037,0.0,0.0
147.1,147.11,147.07,147.1,41433,0.0,0.0
147.1,147.13,147.08,147.11,41167,0.0,0.0
147.12,147.12,147.01,147.08,52365,0.0,0.0
147.07,147.11,147.03,147.05,57352,0.0,0.0
147.06,147.18,147.06,147.15,114344,0.0,0.0
147.16,147.17,147.06,147.1,64221,0.0,0.0
147.1,147.18,147.1,147.15,63779,0.0,0.0
147.15,147.23,147.12,147.12,72921,0.0,0.0
147.12,147.17,147.06,147.07,52847,0.0,0.0
147.08,147.18,147.06,147.16,52579,0.0,0.0
147.17,147.21,147.15,147.19,45143,0.0,0.0
147.2,147.21,147.12,147.13,38972,0.0,0.0
147.13,147.19,147.08,147.13,68012,0.0,0.0
147.13,147.18,147.1,147.16,49991,0.0,0.0
147.17,147.19,147.1,147.19,61178,0.0,0.0
147.19,147.24,147.16,147.23,70018,0.0,0.0
147.24,147.24,147.17,147.2,51496,0.0,0.0
147.19,147.23,147.17,147.17,45412,0.0,0.0
147.17,147.18,147.12,147.18,53371,0.0,0.0
147.19,147.23,147.16,147.22,58970,0.0,0.0
147.21,147.22,147.09,147.1,60962,0.0,0.0
147.09,147.12,147.07,147.1,33024,0.0,0.0
147.11,147.17,147.09,147.12,44819,0.0,0.0
147.11,147.12,147.05,147.07,58486,0.0,0.0
147.07,147.12,147.07,147.1,56452,0.0,0.0
147.1,147.19,147.1,147.17,63071,0.0,0.0
147.18,147.23,147.17,147.21,83863,0.0,0.0
147.21,147.24,147.15,147.18,44144,0.0,0.0
147.18,147.2,147.11,147.12,54306,0.0,0.0
147.12,147.13,147.05,147.06,70206,0.0,0.0
147.05,147.1,147.04,147.04,43415,0.0,0.0
147.05,147.06,147.01,147.04,55683,0.0,0.0
147.05,147.12,147.02,147.08,74122,0.0,0.0
147.07,147.09,147.03,147.03,50101,0.0,0.0
147.02,147.08,147.01,147.06,66841,0.0,0.0
147.06,147.06,147.0,147.02,52635,0.0,0.0
147.01,147.13,147.0,147.1,90973,0.0,0.0
147.11,147.12,147.0,147.01,58380,0.0,0.0
147.01,147.05,146.98,147.02,76773,0.0,0.0
147.02,147.11,146.99,147.09,89313,0.0,0.0
147.09,147.09,146.9,146.9,70611,0.0,0.0
146.91,146.96,146.88,146.88,97809,0.0,0.0
146.89,146.92,146.83,146.89,91495,0.0,0.0
146.9,146.96,146.87,146.96,91066,0.0,0.0
146.96,146.96,146.85,146.88,90422,0.0,0.0
146.88,146.92,146.85,146.88,55434,0.0,0.0
146.88,146.89,146.78,146.82,119398,0.0,0.0
146.81,146.85,146.79,146.8,54592,0.0,0.0
146.79,146.8,146.69,146.7,84811,0.0,0.0
146.7,146.85,146.69,146.82,117104,0.0,0.0
146.82,146.97,146.8,146.95,167923,0.0,0.0
146.95,146.99,146.88,146.9,123520,0.0,0.0
146.9,146.98,146.83,146.93,121179,0.0,0.0
146.93,146.97,146.83,146.85,117499,0.0,0.0
146.84,146.85,146.68,146.72,109382,0.0,0.0
146.71,146.86,146.71,146.82,116088,0.0,0.0
146.82,146.84,146.7,146.82,152386,0.0,0.0
146.82,146.88,146.77,146.8,166599,0.0,0.0
146.79,146.83,146.78,146.8,148797,0.0,0.0
146.81,146.83,146.77,146.79,184874,0.0,0.0
146.79,146.87,146.78,146.81,314683,0.0,0.0
146.81,146.97,146.77,146.94,913911,0.0,0.0
147.58,147.85,146.96,147.0,1340207,0.0,0.0
146.99,146.99,146.45,146.59,306944,0.0,0.0
146.6,147.0,146.53,146.66,424205,0.0,0.0
146.68,146.91,146.58,146.58,237843,0.0,0.0
146.57,146.82,146.38,146.43,318962,0.0,0.0
146.44,146.47,146.21,146.34,269330,0.0,0.0
146.39,146.7,146.39,146.63,198982,0.0,0.0
146.64,146.73,146.53,146.63,153518,0.0,0.0
146.65,146.75,146.3,146.42,214787,0.0,0.0
146.42,146.49,146.11,146.28,247272,0.0,0.0
146.28,146.35,146.12,146.15,198362,0.0,0.0
146.16,146.34,145.95,146.34,303814,0.0,0.0
146.33,146.63,146.31,146.49,173273,0.0,0.0
146.49,146.64,146.41,146.54,116061,0.0,0.0
146.55,146.65,146.27,146.31,165135,0.0,0.0
146.3,146.35,146.2,146.21,145988,0.0,0.0
146.21,146.34,146.2,146.21,104113,0.0,0.0
146.22,146.3,146.1,146.19,114443,0.0,0.0
146.17,146.24,146.13,146.14,125236,0.0,0.0
146.15,146.17,146.0,146.02,103640,0.0,0.0
146.03,146.38,146.02,146.33,138588,0.0,0.0
146.34,146.39,146.27,146.38,91766,0.0,0.0
146.38,146.52,146.36,146.48,119852,0.0,0.0
146.48,146.57,146.35,146.36,114066,0.0,0.0
146.36,146.39,146.12,146.18,113937,0.0,0.0
146.18,146.19,146.02,146.1,114806,0.0,0.0
146.1,146.18,146.04,146.06,115992,0.0,0.0
146.06,146.17,146.04,146.14,115813,0.0,0.0
146.16,146.18,146.04,146.04,97849,0.0,0.0
146.04,146.05,145.84,145.85,270152,0.0,0.0
145.85,145.86,145.52,145.62,261480,0.0,0.0
145.62,145.78,145.52,145.52,178845,0.0,0.0
145.53,145.77,145.52,145.76,156118,0.0,0.0
145.76,145.77,145.56,145.6,180855,0.0,0.0
145.61,145.69,145.36,145.42,200666,0.0,0.0
145.41,145.85,145.36,145.82,198909,0.0,0.0
145.83,145.94,145.65,145.73,190768,0.0,0.0
145.73,145.97,145.69,145.95,102399,0.0,0.0
145.94,146.02,145.92,146.0,149123,0.0,0.0
146.0,146.18,146.0,146.07,140108,0.0,0.0
146.07,146.17,146.04,146.06,127548,0.0,0.0
146.06,146.17,145.9,146.15,121125,0.0,0.0
146.15,146.19,146.05,146.16,104955,0.0,0.0
146.17,146.24,146.03,146.03,103260,0.0,0.0
146.04,146.07,145.96,146.04,98746,0.0,0.0
146.05,146.22,146.02,146.2,130156,0.0,0.0
146.15,146.21,146.05,146.12,91645,0.0,0.0
146.12,146.23,146.09,146.1,64062,0.0,0.0
146.09,146.12,145.87,145.88,136758,0.0,0.0
145.86,145.99,145.81,145.96,71796,0.0,0.0
145.95,145.98,145.85,145.89,84008,0.0,0.0
145.89,145.94,145.72,145.76,112894,0.0,0.0
145.76,145.85,145.72,145.84,70945,0.0,0.0
145.84,145.85,145.54,145.58,127434,0.0,0.0
145.58,145.61,145.3,145.37,161771,0.0,0.0
145.35,145.37,145.1,145.12,160347,0.0,0.0
145.12,145.23,145.09,145.18,130766,0.0,0.0
145.18,145.38,145.14,145.36,117480,0.0,0.0
145.38,145.44,145.26,145.44,80848,0.0,0.0
145.44,145.47,145.28,145.29,71186,0.0,0.0
145.3,145.47,145.28,145.43,70358,0.0,0.0
145.42,145.6,145.39,145.39,109412,0.0,0.0
145.38,145.62,145.35,145.54,90105,0.0,0.0
145.54,145.63,145.52,145.62,76073,0.0,0.0
145.61,145.66,145.51,145.61,62992,0.0,0.0
145.62,145.76,145.62,145.75,67431,0.0,0.0
145.75,145.84,145.65,145.66,80040,0.0,0.0
145.64,145.85,145.64,145.75,72559,0.0,0.0
145.74,145.76,145.61,145.72,53123,0.0,0.0
145.74,145.74,145.59,145.63,35887,0.0,0.0
145.64,145.7,145.59,145.63,66050,0.0,0.0
145.62,145.7,145.61,145.67,39996,0.0,0.0
145.65,145.85,145.63,145.84,62867,0.0,0.0
145.84,145.95,145.75,145.94,64558,0.0,0.0
145.95,145.99,145.88,145.94,75434,0.0,0.0
145.94,146.03,145.91,145.99,80534,0.0,0.0
145.99,146.11,145.97,146.1,74412,0.0,0.0
146.09,146.18,146.07,146.14,91604,0.0,0.0
146.13,146.16,145.93,146.12,126743,0.0,0.0
146.12,146.12,145.97,145.97,56733,0.0,0.0
145.97,145.98,145.89,145.92,72491,0.0,0.0
145.94,146.13,145.94,146.07,94745,0.0,0.0
146.06,146.18,146.01,146.13,99737,0.0,0.0
146.13,146.19,146.04,146.04,79241,0.0,0.0
146.05,146.09,146.02,146.08,60108,0.0,0.0
146.07,146.11,145.95,145.95,96500,0.0,0.0
145.96,146.09,145.95,146.01,48866,0.0,0.0
146.02,146.03,145.96,145.96,34777,0.0,0.0
145.96,145.97,145.91,145.93,37638,0.0,0.0
145.95,145.97,145.91,145.96,41988,0.0,0.0
145.95,146.09,145.95,146.07,63348,0.0,0.0
146.07,146.08,145.93,145.95,42875,0.0,0.0
145.95,146.02,145.95,145.96,82288,0.0,0.0
145.97,146.06,145.97,146.04,74313,0.0,0.0
146.04,146.11,146.01,146.03,87095,0.0,0.0
146.02,146.18,146.01,146.14,54357,0.0,0.0
146.14,146.2,146.11,146.18,88888,0.0,0.0
146.18,146.19,145.92,145.93,94922,0.0,0.0
145.94,146.01,145.91,146.01,51611,0.0,0.0
146.01,146.05,145.98,146.0,33299,0.0,0.0
146.01,146.02,145.93,145.95,42562,0.0,0.0
145.94,146.07,145.93,145.96,59965,0.0,0.0
145.95,146.05,145.92,146.02,43097,0.0,0.0
146.01,146.04,145.96,145.99,418874,0.0,0.0
145.99,146.0,145.87,145.89,79116,0.0,0.0
145.88,145.9,145.73,145.79,105576,0.0,0.0
145.8,145.89,145.8,145.82,50309,0.0,0.0
145.82,145.83,145.76,145.79,44515,0.0,0.0
145.8,145.85,145.74,145.76,59192,0.0,0.0
145.77,145.79,145.71,145.74,344231,0.0,0.0
145.76,145.86,145.73,145.83,62857,0.0,0.0
145.83,145.91,145.8,145.91,75575,0.0,0.0
145.89,145.91,145.56,145.56,109808,0.0,0.0
145.56,145.61,145.5,145.51,118036,0.0,0.0
145.52,145.52,145.32,145.5,110457,0.0,0.0
145.5,145.53,145.43,145.43,59736,0.0,0.0
145.43,145.48,145.39,145.48,63089,0.0,0.0
145.48,145.55,145.45,145.49,63239,0.0,0.0
145.5,145.53,145.44,145.44,63995,0.0,0.0
145.44,145.44,145.3,145.33,68822,0.0,0.0
145.33,145.42,145.31,145.39,70780,0.0,0.0
145.39,145.42,145.26,145.29,58325,0.0,0.0
145.29,145.4,145.24,145.28,107267,0.0,0.0
145.29,145.33,145.06,145.06,125393,0.0,0.0
145.09,145.14,145.07,145.1,128113,0.0,0.0
145.09,145.25,145.09,145.23,75103,0.0,0.0
145.23,145.33,145.23,145.28,96074,0.0,0.0
145.27,145.31,145.21,145.27,57719,0.0,0.0
145.26,145.29,145.23,145.25,34711,0.0,0.0
145.24,145.28,145.14,145.15,71996,0.0,0.0
145.16,145.17,145.02,145.13,95621,0.0,0.0
145.13,145.19,145.1,145.12,58547,0.0,0.0
145.11,145.12,145.06,145.07,68211,0.0,0.0
145.07,145.19,145.04,145.18,65274,0.0,0.0
145.2,145.2,145.08,145.16,50269,0.0,0.0
145.14,145.21,145.13,145.18,54297,0.0,0.0
145.18,145.31,145.14,145.23,83720,0.0,0.0
145.23,145.36,145.22,145.34,71077,0.0,0.0
145.34,145.34,145.29,145.31,43154,0.0,0.0
145.32,145.35,145.31,145.33,30605,0.0,0.0
145.34,145.34,145.19,145.26,70277,0.0,0.0
145.26,145.36,145.25,145.34,70416,0.0,0.0
145.35,145.46,145.32,145.42,76740,0.0,0.0
145.42,145.54,145.42,145.54,71438,0.0,0.0
145.55,145.58,145.49,145.51,36726,0.0,0.0
145.52,145.54,145.49,145.53,37455,0.0,0.0
145.53,145.59,145.53,145.58,36479,0.0,0.0
145.57,145.61,145.53,145.61,49422,0.0,0.0
145.62,145.65,145.57,145.62,52537,0.0,0.0
145.62,145.69,145.6,145.67,48242,0.0,0.0
145.67,145.72,145.58,145.59,37604,0.0,0.0
145.59,145.61,145.51,145.56,47378,0.0,0.0
145.56,145.56,145.5,145.51,24861,0.0,0.0
145.51,145.63,145.5,145.6,574865,0.0,0.0
145.61,145.66,145.61,145.64,26027,0.0,0.0
145.64,145.67,145.6,145.65,47038,0.0,0.0
145.68,145.73,145.64,145.73,52620,0.0,0.0
145.73,145.85,145.69,145.81,74260,0.0,0.0
145.8,145.8,145.7,145.78,85193,0.0,0.0
145.78,145.8,145.76,145.79,20079,0.0,0.0
145.79,145.86,145.79,145.84,46318,0.0,0.0
145.84,145.9,145.82,145.82,51428,0.0,0.0
145.83,145.91,145.83,145.84,36311,0.0,0.0
145.85,145.86,145.77,145.8,129704,0.0,0.0
145.8,145.86,145.79,145.84,56773,0.0,0.0
145.83,145.83,145.71,145.73,31786,0.0,0.0
145.75,145.82,145.73,145.78,31438,0.0,0.0
145.79,145.84,145.74,145.78,32142,0.0,0.0
145.8,145.82,145.77,145.77,19077,0.0,0.0
145.78,145.79,145.68,145.75,53641,0.0,0.0
145.75,145.81,145.72,145.78,32380,0.0,0.0
145.78,145.87,145.78,145.81,32142,0.0,0.0
145.8,145.85,145.79,145.82,57470,0.0,0.0
145.83,145.88,145.79,145.86,42747,0.0,0.0
145.87,145.87,145.79,145.79,33374,0.0,0.0
145.79,145.84,145.76,145.78,42474,0.0,0.0
145.79,145.79,145.65,145.65,65403,0.0,0.0
145.65,145.72,145.65,145.7,48420,0.0,0.0
145.7,145.74,145.7,145.71,55090,0.0,0.0
145.72,145.79,145.71,145.75,37705,0.0,0.0
145.76,145.79,145.71,145.72,27143,0.0,0.0
145.72,145.79,145.71,145.79,52825,0.0,0.0
145.78,145.91,145.78,145.89,100654,0.0,0.0
145.89,145.92,145.88,145.9,39728,0.0,0.0
145.9,145.91,145.85,145.89,31769,0.0,0.0
145.88,145.97,145.88,145.95,48625,0.0,0.0
145.96,145.96,145.91,145.92,33222,0.0,0.0
145.93,145.96,145.91,145.96,33002,0.0,0.0
145.96,146.05,145.96,146.05,315192,0.0,0.0
146.04,146.06,146.01,146.04,42782,0.0,0.0
146.04,146.12,146.04,146.07,61180,0.0,0.0
146.07,146.19,146.07,146.14,56320,0.0,0.0
146.15,146.18,146.12,146.15,48765,0.0,0.0
146.15,146.18,146.13,146.15,34313,0.0,0.0
146.15,146.17,146.09,146.12,44621,0.0,0.0
146.12,146.15,145.94,145.95,65759,0.0,0.0
145.93,145.93,145.74,145.8,136411,0.0,0.0
145.8,145.82,145.76,145.79,43737,0.0,0.0
145.79,145.85,145.73,145.73,55633,0.0,0.0
145.74,145.79,145.71,145.74,38678,0.0,0.0
145.73,145.76,145.71,145.75,22789,0.0,0.0
145.73,145.73,145.59,145.61,57437,0.0,0.0
145.61,145.68,145.59,145.67,48058,0.0,0.0
145.66,145.74,145.66,145.71,43025,0.0,0.0
145.71,145.83,145.69,145.79,35923,0.0,0.0
145.78,145.78,145.64,145.64,37910,0.0,0.0
145.63,145.64,145.52,145.55,86910,0.0,0.0
145.55,145.6,145.52,145.52,34400,0.0,0.0
145.52,145.56,145.49,145.54,53871,0.0,0.0
145.54,145.56,145.51,145.52,20558,0.0,0.0
145.51,145.61,145.51,145.6,41440,0.0,0.0
145.62,145.64,145.59,145.62,40017,0.0,0.0
145.62,145.64,145.57,145.62,27841,0.0,0.0
145.61,145.63,145.56,145.57,35910,0.0,0.0
145.58,145.58,145.49,145.49,62122,0.0,0.0
145.49,145.49,145.39,145.43,79117,0.0,0.0
145.43,145.43,145.26,145.4,122802,0.0,0.0
145.39,145.4,145.35,145.39,37303,0.0,0.0
145.38,145.4,145.35,145.37,32123,0.0,0.0
145.37,145.4,145.33,145.38,47371,0.0,0.0
145.38,145.48,145.37,145.47,124040,0.0,0.0
145.46,145.59,145.46,145.55,82892,0.0,0.0
145.55,145.64,145.54,145.62,34285,0.0,0.0
145.62,145.64,145.55,145.58,44160,0.0,0.0
145.58,145.62,145.55,145.57,47998,0.0,0.0
145.57,145.62,145.57,145.59,33914,0.0,0.0
145.58,145.59,145.45,145.45,94016,0.0,0.0
145.46,145.53,145.45,145.52,26047,0.0,0.0
145.53,145.55,145.47,145.47,26972,0.0,0.0
145.47,145.62,145.47,145.61,38240,0.0,0.0
145.62,145.65,145.54,145.59,113048,0.0,0.0
145.59,145.62,145.55,145.58,53516,0.0,0.0
145.58,145.62,145.46,145.48,41801,0.0,0.0
145.49,145.54,145.46,145.53,44179,0.0,0.0
145.53,145.53,145.42,145.42,59168,0.0,0.0
145.42,145.42,145.35,145.4,39243,0.0,0.0
145.39,145.52,145.37,145.51,47590,0.0,0.0
145.51,145.6,145.5,145.6,33181,0.0,0.0
145.6,145.65,145.58,145.6,37198,0.0,0.0
145.61,145.66,145.59,145.6,40103,0.0,0.0
145.61,145.61,145.49,145.51,36855,0.0,0.0
145.51,145.56,145.46,145.56,45384,0.0,0.0
145.54,145.59,145.53,145.54,26243,0.0,0.0
145.55,145.59,145.54,145.55,30203,0.0,0.0
145.53,145.57,145.49,145.49,35719,0.0,0.0
145.5,145.57,145.49,145.53,333766,0.0,0.0
145.54,145.56,145.49,145.53,20459,0.0,0.0
145.54,145.57,145.47,145.49,20734,0.0,0.0
145.5,145.55,145.5,145.52,30385,0.0,0.0
145.53,145.53,145.44,145.49,60447,0.0,0.0
145.5,145.54,145.48,145.5,32324,0.0,0.0
145.5,145.53,145.37,145.37,52403,0.0,0.0
145.38,145.38,145.29,145.38,46929,0.0,0.0
145.38,145.43,145.36,145.38,30420,0.0,0.0
145.38,145.52,145.38,145.5,30172,0.0,0.0
145.51,145.54,145.47,145.54,41363,0.0,0.0
145.54,145.55,145.51,145.52,51133,0.0,0.0
145.52,145.59,145.52,145.52,33863,0.0,0.0
145.53,145.57,145.51,145.55,27136,0.0,0.0
145.53,145.59,145.53,145.58,20906,0.0,0.0
145.6,145.63,145.55,145.57,34058,0.0,0.0
145.57,145.61,145.54,145.61,19080,0.0,0.0
145.62,145.67,145.61,145.65,30298,0.0,0.0
145.66,145.66,145.6,145.62,27265,0.0,0.0
145.62,145.67,145.62,145.66,31487,0.0,0.0
145.66,145.69,145.63,145.65,38698,0.0,0.0
145.65,145.68,145.61,145.67,31270,0.0,0.0
145.67,145.73,145.66,145.72,69548,0.0,0.0
145.73,145.75,145.7,145.72,49819,0.0,0.0
145.71,145.73,145.66,145.67,37410,0.0,0.0
145.67,145.7,145.65,145.7,20711,0.0,0.0
145.7,145.72,145.62,145.64,49765,0.0,0.0
145.64,145.67,145.57,145.59,24640,0.0,0.0
145.6,145.66,145.59,145.65,18228,0.0,0.0
145.65,145.7,145.63,145.69,26014,0.0,0.0
145.68,145.68,145.6,145.6,34802,0.0,0.0
145.6,145.67,145.6,145.65,18293,0.0,0.0
145.66,145.66,145.58,145.59,25463,0.0,0.0
145.58,145.65,145.56,145.62,27660,0.0,0.0
145.62,145.62,145.55,145.59,32195,0.0,0.0
145.58,145.58,145.42,145.44,46464,0.0,0.0
145.43,145.6,145.43,145.59,42120,0.0,0.0
145.6,145.7,145.6,145.63,55660,0.0,0.0
145.64,145.65,145.59,145.59,44970,0.0,0.0
145.59,145.65,145.59,145.63,29182,0.0,0.0
145.62,145.65,145.59,145.63,37503,0.0,0.0
145.63,145.71,145.63,145.7,39729,0.0,0.0
145.71,145.81,145.71,145.8,75755,0.0,0.0
145.81,145.84,145.75,145.76,60237,0.0,0.0
145.76,145.77,145.65,145.68,49504,0.0,0.0
145.68,145.7,145.55,145.63,56617,0.0,0.0
145.64,145.68,145.62,145.65,27079,0.0,0.0
145.65,145.66,145.6,145.65,32355,0.0,0.0
145.66,145.83,145.65,145.82,56061,0.0,0.0
145.82,145.87,145.81,145.82,55518,0.0,0.0
145.82,145.9,145.8,145.87,52806,0.0,0.0
145.88,145.89,145.81,145.82,47162,0.0,0.0
145.82,145.82,145.71,145.74,48312,0.0,0.0
145.74,145.76,145.68,145.72,44911,0.0,0.0
145.71,145.71,145.63,145.65,52429,0.0,0.0
145.65,145.66,145.63,145.66,22221,0.0,0.0
145.77,145.8,145.76,145.78,68237,0.0,0.0
145.78,145.87,145.76,145.86,48155,0.0,0.0
145.86,145.92,145.85,145.86,51910,0.0,0.0
145.86,145.9,145.85,145.88,51535,0.0,0.0
145.87,145.9,145.79,145.84,45490,0.0,0.0
145.83,145.86,145.79,145.81,44279,0.0,0.0
145.81,145.86,145.8,145.86,33400,0.0,0.0
145.86,145.88,145.85,145.85,29286,0.0,0.0
145.85,145.87,145.81,145.85,22709,0.0,0.0
145.85,145.86,145.81,145.81,26218,0.0,0.0
145.81,145.85,145.8,145.82,39025,0.0,0.0
145.83,145.84,145.76,145.76,54054,0.0,0.0
145.77,145.85,145.77,145.78,52408,0.0,0.0
145.78,145.85,145.78,145.8,46042,0.0,0.0
145.81,145.88,145.78,145.85,45350,0.0,0.0
145.85,145.9,145.83,145.86,40454,0.0,0.0
145.85,145.89,145.83,145.88,28694,0.0,0.0
145.87,145.95,145.87,145.94,69618,0.0,0.0
145.93,145.96,145.88,145.91,80537,0.0,0.0
145.91,145.93,145.86,145.86,45279,0.0,0.0
145.87,145.87,145.75,145.76,48459,0.0,0.0
145.77,145.77,145.68,145.69,40702,0.0,0.0
145.7,145.72,145.65,145.68,48909,0.0,0.0
145.68,145.71,145.67,145.69,36326,0.0,0.0
145.69,145.73,145.69,145.71,39808,0.0,0.0
145.72,145.76,145.71,145.74,31292,0.0,0.0
145.73,145.73,145.64,145.68,64593,0.0,0.0
145.69,145.7,145.61,145.63,35928,0.0,0.0
145.62,145.67,145.6,145.66,43297,0.0,0.0
145.65,145.66,145.61,145.62,37443,0.0,0.0
145.62,145.62,145.5,145.51,51596,0.0,0.0
145.5,145.51,145.46,145.5,55459,0.0,0.0
145.49,145.5,145.41,145.44,34595,0.0,0.0
145.43,145.46,145.4,145.44,35139,0.0,0.0
145.44,145.48,145.43,145.45,55182,0.0,0.0
145.44,145.53,145.43,145.49,62222,0.0,0.0
145.5,145.55,145.49,145.52,38432,0.0,0.0
145.52,145.54,145.43,145.46,48557,0.0,0.0
145.46,145.49,145.4,145.41,76060,0.0,0.0
145.41,145.41,145.32,145.35,76813,0.0,0.0
145.35,145.35,145.2,145.28,132115,0.0,0.0
145.28,145.37,145.24,145.24,64661,0.0,0.0
145.25,145.26,145.04,145.07,173934,0.0,0.0
145.06,145.07,144.91,144.92,232912,0.0,0.0
144.91,145.04,144.91,144.99,150160,0.0,0.0
144.98,145.0,144.95,144.98,87210,0.0,0.0
144.99,144.99,144.86,144.88,92950,0.0,0.0
144.87,144.98,144.87,144.97,53955,0.0,0.0
144.97,145.01,144.97,144.99,46943,0.0,0.0
144.99,145.0,144.91,144.94,47887,0.0,0.0
144.95,144.98,144.88,144.97,71613,0.0,0.0
144.97,144.98,144.88,144.93,50402,0.0,0.0
144.93,144.93,144.85,144.86,53269,0.0,0.0
144.87,144.91,144.82,144.89,63564,0.0,0.0
144.9,144.9,144.84,144.85,43011,0.0,0.0
144.85,144.9,144.83,144.88,50679,0.0,0.0
144.88,144.91,144.83,144.91,65646,0.0,0.0
144.93,144.96,144.86,144.95,63633,0.0,0.0
144.96,144.96,144.9,144.94,63659,0.0,0.0
144.94,144.99,144.93,144.95,68700,0.0,0.0
144.94,145.0,144.93,144.98,72986,0.0,0.0
144.98,145.05,144.95,145.01,107554,0.0,0.0
145.01,145.13,144.98,145.09,102292,0.0,0.0
145.09,145.09,144.75,144.75,253260,0.0,0.0
144.75,144.79,144.71,144.75,179678,0.0,0.0
144.75,144.77,144.67,144.74,124177,0.0,0.0
144.75,144.76,144.62,144.64,123092,0.0,0.0
144.65,144.74,144.51,144.73,177056,0.0,0.0
144.73,144.78,144.62,144.62,79456,0.0,0.0
144.63,144.83,144.62,144.72,132145,0.0,0.0
144.72,144.74,144.51,144.51,280049,0.0,0.0
144.52,144.8,144.52,144.62,198379,0.0,0.0
144.63,144.76,144.53,144.73,182506,0.0,0.0
144.73,144.82,144.68,144.71,77574,0.0,0.0
144.72,144.76,144.56,144.58,89441,0.0,0.0
144.58,144.77,144.58,144.74,104199,0.0,0.0
144.76,144.77,144.66,144.71,95849,0.0,0.0
144.73,144.75,144.65,144.66,98223,0.0,0.0
144.66,144.71,144.62,144.71,129557,0.0,0.0
144.71,144.71,144.51,144.54,208699,0.0,0.0
144.55,144.59,144.44,144.47,168882,0.0,0.0
144.47,144.53,144.44,144.49,145211,0.0,0.0
144.48,144.51,144.42,144.43,131552,0.0,0.0
144.43,144.49,144.4,144.44,164967,0.0,0.0
144.46,144.54,144.43,144.46,207149,0.0,0.0
144.46,144.51,144.43,144.46,242150,0.0,0.0
144.46,144.52,144.42,144.43,221826,0.0,0.0
144.44,144.52,144.43,144.5,216813,0.0,0.0
144.51,144.56,144.28,144.52,1161832,0.0,0.0
146.15,146.36,145.57,146.07,2851820,0.0,0.0
146.07,146.49,146.02,146.46,401340,0.0,0.0
146.45,146.62,146.36,146.46,341188,0.0,0.0
146.46,146.61,146.27,146.54,288648,0.0,0.0
146.53,146.73,146.48,146.63,360841,0.0,0.0
146.62,146.7,146.21,146.24,278364,0.0,0.0
146.24,146.47,146.24,146.29,209183,0.0,0.0
146.29,146.49,146.2,146.47,199076,0.0,0.0
146.48,146.92,146.48,146.67,443757,0.0,0.0
146.68,146.88,146.56,146.82,248902,0.0,0.0
146.83,146.89,146.39,146.51,404081,0.0,0.0
146.51,146.63,146.41,146.58,192839,0.0,0.0
146.57,146.78,146.45,146.49,187454,0.0,0.0
146.49,146.69,146.43,146.69,218933,0.0,0.0
146.67,146.83,146.48,146.6,284575,0.0,0.0
146.61,146.64,146.17,146.29,179086,0.0,0.0
146.29,146.42,146.16,146.18,137337,0.0,0.0
146.2,146.35,146.16,146.18,89053,0.0,0.0
146.18,146.25,146.14,146.21,153607,0.0,0.0
146.2,146.2,145.92,145.94,191591,0.0,0.0
145.95,145.96,145.61,145.79,189668,0.0,0.0
145.8,145.85,145.57,145.81,135446,0.0,0.0
145.81,146.01,145.77,145.97,172719,0.0,0.0
145.97,145.99,145.6,145.61,120143,0.0,0.0
145.61,145.62,145.43,145.51,170869,0.0,0.0
145.51,145.52,145.4,145.5,104863,0.0,0.0
145.5,145.62,145.34,145.62,139063,0.0,0.0
145.61,145.77,145.55,145.61,128784,0.0,0.0
145.6,145.69,145.51,145.6,115975,0.0,0.0
145.6,145.64,145.41,145.43,115914,0.0,0.0
145.41,145.58,145.4,145.53,130792,0.0,0.0
145.51,145.58,145.44,145.5,150274,0.0,0.0
145.51,145.95,145.51,145.93,173954,0.0,0.0
145.93,146.08,145.79,145.98,151998,0.0,0.0
146.01,146.06,145.94,145.95,118266,0.0,0.0
145.95,146.22,145.87,146.19,182216,0.0,0.0
146.18,146.33,146.11,146.12,138852,0.0,0.0
146.1,146.27,146.06,146.23,104139,0.0,0.0
146.21,146.42,146.2,146.27,176648,0.0,0.0
146.31,146.34,145.97,146.07,195760,0.0,0.0
146.08,146.12,145.86,146.1,174818,0.0,0.0
146.11,146.16,145.99,146.05,218590,0.0,0.0
146.04,146.14,146.0,146.09,121554,0.0,0.0
146.08,146.27,146.07,146.23,92599,0.0,0.0
146.24,146.37,146.22,146.26,80174,0.0,0.0
146.28,146.54,146.28,146.53,202986,0.0,0.0
146.52,146.54,146.27,146.33,108972,0.0,0.0
146.33,146.46,146.24,146.29,73164,0.0,0.0
146.29,146.43,146.23,146.32,109159,0.0,0.0
146.32,146.52,146.29,146.51,88956,0.0,0.0
146.5,146.56,146.39,146.5,80298,0.0,0.0
146.5,146.69,146.49,146.63,121295,0.0,0.0
146.62,146.67,146.49,146.61,104652,0.0,0.0
146.6,146.62,146.46,146.6,68511,0.0,0.0
146.61,146.72,146.57,146.7,134574,0.0,0.0
146.72,146.77,146.48,146.56,112885,0.0,0.0
146.56,146.57,146.43,146.44,102943,0.0,0.0
146.44,146.68,146.43,146.67,119568,0.0,0.0
146.67,146.82,146.58,146.8,173604,0.0,0.0
146.8,146.86,146.8,146.85,235915,0.0,0.0
146.85,146.85,146.68,146.84,113330,0.0,0.0
146.85,146.87,146.68,146.7,101886,0.0,0.0
146.7,146.78,146.61,146.77,64886,0.0,0.0
146.77,146.86,146.74,146.76,93951,0.0,0.0
146.74,146.83,146.7,146.76,82741,0.0,0.0
146.76,146.9,146.74,146.89,193430,0.0,0.0
146.88,147.05,146.88,146.94,385249,0.0,0.0
146.94,147.04,146.91,147.02,75274,0.0,0.0
147.02,147.05,146.95,146.98,131058,0.0,0.0
147.0,147.23,146.98,147.2,322225,0.0,0.0
147.21,147.29,146.98,147.03,281704,0.0,0.0
147.03,147.11,146.96,146.99,148785,0.0,0.0
147.0,147.06,146.96,147.03,136137,0.0,0.0
147.04,147.06,146.95,146.98,65245,0.0,0.0
146.98,147.06,146.87,146.94,82190,0.0,0.0
146.93,147.04,146.88,147.04,66659,0.0,0.0
147.04,147.04,146.81,146.83,89042,0.0,0.0
146.83,146.9,146.8,146.81,64348,0.0,0.0
146.82,146.93,146.81,146.88,69231,0.0,0.0
146.88,146.9,146.79,146.8,46579,0.0,0.0
146.8,146.86,146.78,146.8,63564,0.0,0.0
146.8,146.8,146.7,146.75,71646,0.0,0.0
146.75,146.8,146.69,146.8,67181,0.0,0.0
146.8,146.85,146.75,146.79,64051,0.0,0.0
146.78,146.79,146.68,146.77,62607,0.0,0.0
146.76,146.85,146.74,146.85,59893,0.0,0.0
146.85,146.85,146.71,146.76,48928,0.0,0.0
146.75,146.83,146.68,146.73,71048,0.0,0.0
146.74,146.81,146.71,146.79,50159,0.0,0.0
146.8,146.86,146.79,146.82,60428,0.0,0.0
146.83,146.86,146.76,146.81,51379,0.0,0.0
146.8,146.82,146.74,146.79,87582,0.0,0.0
146.79,146.85,146.74,146.82,71595,0.0,0.0
146.83,146.85,146.59,146.61,67897,0.0,0.0
146.65,146.77,146.65,146.75,86284,0.0,0.0
146.74,146.75,146.66,146.74,39787,0.0,0.0
146.74,146.8,146.65,146.7,57737,0.0,0.0
146.71,146.82,146.69,146.8,54472,0.0,0.0
146.79,146.9,146.73,146.87,49153,0.0,0.0
146.87,146.94,146.87,146.88,64616,0.0,0.0
146.89,146.96,146.86,146.9,66781,0.0,0.0
146.9,146.92,146.78,146.79,49606,0.0,0.0
146.78,146.79,146.6,146.65,87566,0.0,0.0
146.64,146.73,146.63,146.71,44692,0.0,0.0
146.72,146.73,146.55,146.59,95630,0.0,0.0
146.57,146.6,146.5,146.5,75767,0.0,0.0
146.52,146.52,146.38,146.48,120719,0.0,0.0
146.48,146.54,146.38,146.45,91544,0.0,0.0
146.44,146.49,146.36,146.37,70586,0.0,0.0
146.38,146.43,146.25,146.43,119806,0.0,0.0
146.43,146.48,146.39,146.41,37733,0.0,0.0
146.43,146.45,146.35,146.38,44870,0.0,0.0
146.39,146.48,146.39,146.42,32106,0.0,0.0
146.42,146.55,146.42,146.53,52622,0.0,0.0
146.53,146.59,146.48,146.58,52539,0.0,0.0
146.56,146.68,146.56,146.68,100260,0.0,0.0
146.68,146.85,146.66,146.81,157664,0.0,0.0
146.8,146.86,146.77,146.85,93218,0.0,0.0
146.84,146.87,146.8,146.83,55722,0.0,0.0
146.83,146.92,146.8,146.91,131687,0.0,0.0
146.9,146.97,146.85,146.96,112656,0.0,0.0
146.96,147.01,146.93,146.94,105332,0.0,0.0
146.95,147.05,146.94,147.05,83887,0.0,0.0
147.03,147.12,147.03,147.1,109344,0.0,0.0
147.12,147.16,147.09,147.12,117641,0.0,0.0
147.13,147.13,147.01,147.08,64227,0.0,0.0
147.08,147.19,147.05,147.17,111361,0.0,0.0
147.18,147.18,147.1,147.16,49212,0.0,0.0
147.18,147.18,147.02,147.03,132349,0.0,0.0
147.02,147.1,147.01,147.1,117987,0.0,0.0
147.1,147.13,146.98,147.02,77317,0.0,0.0
147.01,147.08,146.98,147.01,55876,0.0,0.0
147.01,147.06,146.99,147.04,41775,0.0,0.0
147.04,147.06,146.95,146.96,63310,0.0,0.0
146.96,147.06,146.94,147.03,37889,0.0,0.0
147.03,147.1,147.03,147.1,61442,0.0,0.0
147.1,147.18,147.06,147.16,106893,0.0,0.0
147.17,147.18,147.07,147.08,69237,0.0,0.0
147.07,147.08,147.02,147.08,38798,0.0,0.0
147.07,147.1,147.04,147.07,26086,0.0,0.0
147.06,147.09,147.02,147.05,40880,0.0,0.0
147.04,147.1,147.03,147.05,82034,0.0,0.0
147.03,147.07,146.97,147.06,69244,0.0,0.0
147.07,147.13,147.06,147.06,51618,0.0,0.0
147.07,147.08,147.01,147.07,49859,0.0,0.0
147.07,147.09,147.04,147.06,63365,0.0,0.0
147.05,147.08,146.97,147.04,57698,0.0,0.0
147.01,147.07,146.95,147.02,79220,0.0,0.0
147.03,147.06,147.02,147.05,44624,0.0,0.0
147.05,147.1,147.04,147.07,61581,0.0,0.0
147.08,147.1,147.06,147.07,70007,0.0,0.0
147.07,147.1,147.04,147.09,54624,0.0,0.0
147.09,147.1,146.98,147.02,72384,0.0,0.0
147.02,147.09,147.0,147.02,42307,0.0,0.0
147.03,147.1,147.0,147.09,66051,0.0,0.0
147.08,147.08,146.98,147.0,67757,0.0,0.0
147.0,147.05,146.99,147.04,32271,0.0,0.0
147.04,147.06,146.97,146.99,44475,0.0,0.0
146.99,147.06,146.99,147.04,31547,0.0,0.0
147.04,147.07,147.0,147.07,63688,0.0,0.0
147.06,147.08,147.03,147.06,39063,0.0,0.0
147.06,147.07,147.0,147.01,55847,0.0,0.0
147.0,147.04,146.94,147.03,38211,0.0,0.0
147.03,147.03,146.89,147.0,51063,0.0,0.0
147.01,147.01,146.93,146.95,33143,0.0,0.0
146.95,147.01,146.91,147.01,44757,0.0,0.0
147.0,147.07,146.99,147.07,42289,0.0,0.0
147.08,147.1,146.94,146.96,74265,0.0,0.0
146.96,147.07,146.95,147.03,50171,0.0,0.0
147.04,147.06,147.01,147.01,39687,0.0,0.0
147.02,147.1,147.02,147.07,139734,0.0,0.0
147.07,147.1,147.06,147.07,58864,0.0,0.0
147.07,147.1,146.99,147.07,60226,0.0,0.0
147.07,147.1,147.07,147.08,44334,0.0,0.0
147.09,147.1,147.06,147.1,38207,0.0,0.0
147.09,147.1,147.08,147.1,71177,0.0,0.0
147.1,147.1,147.05,147.09,55515,0.0,0.0
147.09,147.19,147.07,147.18,81207,0.0,0.0
147.17,147.22,147.12,147.19,92137,0.0,0.0
147.2,147.26,147.18,147.26,115973,0.0,0.0
147.26,147.26,147.23,147.26,61308,0.0,0.0
147.25,147.38,147.24,147.35,92777,0.0,0.0
147.36,147.53,147.36,147.51,255353,0.0,0.0
147.5,147.92,147.5,147.9,494193,0.0,0.0
147.9,147.9,147.67,147.71,148202,0.0,0.0
147.71,147.73,147.58,147.66,81176,0.0,0.0
147.65,147.67,147.52,147.53,76573,0.0,0.0
147.52,147.67,147.52,147.6,110793,0.0,0.0
147.6,147.6,147.55,147.58,54774,0.0,0.0
147.57,147.62,147.56,147.58,61119,0.0,0.0
147.58,147.62,147.55,147.6,92765,0.0,0.0
147.59,147.6,147.53,147.58,82668,0.0,0.0
147.59,147.59,147.5,147.52,57808,0.0,0.0
147.51,147.51,147.39,147.51,136460,0.0,0.0
147.51,147.6,147.51,147.54,92628,0.0,0.0
147.56,147.65,147.52,147.65,94636,0.0,0.0
147.65,147.72,147.62,147.66,208380,0.0,0.0
147.66,147.7,147.61,147.63,71418,0.0,0.0
147.64,147.64,147.47,147.47,90576,0.0,0.0
147.48,147.51,147.4,147.51,80795,0.0,0.0
147.5,147.53,147.34,147.34,67808,0.0,0.0
147.35,147.4,147.31,147.36,111714,0.0,0.0
147.36,147.48,147.35,147.44,54271,0.0,0.0
147.45,147.55,147.41,147.55,45518,0.0,0.0
147.55,147.68,147.54,147.66,82948,0.0,0.0
147.65,147.69,147.63,147.68,72589,0.0,0.0
147.68,147.7,147.6,147.6,63879,0.0,0.0
147.6,147.62,147.55,147.56,43294,0.0,0.0
147.56,147.62,147.56,147.61,33978,0.0,0.0
147.6,147.61,147.46,147.46,47352,0.0,0.0
147.45,147.55,147.44,147.54,51462,0.0,0.0
147.54,147.66,147.54,147.66,80526,0.0,0.0
147.67,147.7,147.65,147.66,81185,0.0,0.0
147.64,147.67,147.6,147.66,50849,0.0,0.0
147.66,147.7,147.62,147.63,48982,0.0,0.0
147.64,147.7,147.63,147.68,88665,0.0,0.0
147.7,147.76,147.68,147.72,80264,0.0,0.0
147.71,147.71,147.61,147.63,42331,0.0,0.0
147.63,147.69,147.63,147.64,28694,0.0,0.0
147.65,147.66,147.62,147.62,43811,0.0,0.0
147.63,147.67,147.6,147.66,55344,0.0,0.0
147.66,147.67,147.56,147.58,76195,0.0,0.0
147.58,147.64,147.57,147.63,32369,0.0,0.0
147.63,147.63,147.57,147.62,30510,0.0,0.0
147.62,147.65,147.6,147.64,29674,0.0,0.0
147.63,147.65,147.58,147.61,31162,0.0,0.0
147.62,147.62,147.48,147.49,58476,0.0,0.0
147.49,147.6,147.48,147.51,43093,0.0,0.0
147.51,147.54,147.49,147.52,62527,0.0,0.0
147.53,147.53,147.45,147.48,44442,0.0,0.0
147.47,147.49,147.35,147.35,39243,0.0,0.0
147.35,147.44,147.35,147.42,45995,0.0,0.0
147.41,147.42,147.35,147.39,44388,0.0,0.0
147.39,147.4,147.36,147.38,25370,0.0,0.0
147.38,147.5,147.38,147.49,56867,0.0,0.0
147.49,147.54,147.46,147.5,44610,0.0,0.0
147.49,147.51,147.42,147.49,81548,0.0,0.0
147.49,147.49,147.37,147.4,40527,0.0,0.0
147.38,147.41,147.3,147.31,48846,0.0,0.0
147.31,147.41,147.31,147.39,31298,0.0,0.0
147.4,147.44,147.35,147.43,30850,0.0,0.0
147.43,147.48,147.41,147.47,43631,0.0,0.0
147.46,147.5,147.44,147.46,27289,0.0,0.0
147.46,147.46,147.2,147.2,154589,0.0,0.0
147.2,147.25,146.99,147.02,220758,0.0,0.0
147.02,147.04,146.98,147.0,137354,0.0,0.0
147.0,147.02,146.97,147.01,91674,0.0,0.0
147.0,147.02,146.99,147.0,81326,0.0,0.0
147.0,147.04,146.98,146.99,82902,0.0,0.0
146.99,147.02,146.98,147.0,64544,0.0,0.0
147.01,147.12,146.96,147.12,67418,0.0,0.0
147.12,147.23,147.12,147.19,73096,0.0,0.0
147.19,147.29,147.19,147.28,37645,0.0,0.0
147.27,147.3,147.25,147.26,51454,0.0,0.0
147.26,147.27,147.12,147.13,39186,0.0,0.0
147.11,147.25,147.11,147.24,50674,0.0,0.0
147.23,147.24,147.19,147.22,38276,0.0,0.0
147.22,147.27,147.2,147.24,27344,0.0,0.0
147.25,147.25,146.99,147.0,109031,0.0,0.0
147.0,147.04,146.97,146.99,61958,0.0,0.0
146.99,147.02,146.92,146.92,46327,0.0,0.0
146.93,147.01,146.87,147.0,61666,0.0,0.0
147.0,147.02,146.93,146.99,36393,0.0,0.0
147.0,147.01,146.97,146.98,34388,0.0,0.0
146.98,147.0,146.95,146.97,24407,0.0,0.0
146.97,147.01,146.96,146.98,37974,0.0,0.0
146.98,147.01,146.97,146.98,32502,0.0,0.0
146.98,147.01,146.96,146.99,26013,0.0,0.0
146.98,147.01,146.97,146.98,28938,0.0,0.0
146.98,147.01,146.96,146.98,34166,0.0,0.0
146.98,147.01,146.96,146.97,41105,0.0,0.0
146.97,147.0,146.96,146.99,31072,0.0,0.0
146.99,146.99,146.89,146.91,35959,0.0,0.0
146.9,146.95,146.82,146.93,50659,0.0,0.0
146.93,147.01,146.93,147.0,60561,0.0,0.0
147.0,147.01,146.89,146.92,54738,0.0,0.0
146.93,146.96,146.87,146.95,34240,0.0,0.0
146.96,147.0,146.93,147.0,31193,0.0,0.0
146.99,147.01,146.97,146.98,26271,0.0,0.0
146.97,146.97,146.9,146.95,32423,0.0,0.0
146.95,146.96,146.73,146.73,137377,0.0,0.0
146.72,146.77,146.7,146.75,86460,0.0,0.0
146.74,146.77,146.73,146.74,49585,0.0,0.0
146.75,146.76,146.73,146.75,34500,0.0,0.0
146.75,146.76,146.73,146.74,32088,0.0,0.0
146.74,146.82,146.73,146.82,35477,0.0,0.0
146.82,146.88,146.82,146.84,43600,0.0,0.0
146.83,146.93,146.82,146.89,45829,0.0,0.0
146.9,147.0,146.9,146.96,39387,0.0,0.0
146.94,146.95,146.91,146.92,34451,0.0,0.0
146.92,147.0,146.91,147.0,24724,0.0,0.0
147.0,147.06,146.98,147.06,618760,0.0,0.0
147.06,147.16,147.02,147.1,106251,0.0,0.0
147.11,147.15,147.09,147.13,51891,0.0,0.0
147.14,147.23,147.11,147.19,82498,0.0,0.0
147.18,147.24,147.04,147.04,103130,0.0,0.0
147.05,147.06,146.98,147.0,97939,0.0,0.0
146.99,147.01,146.94,146.98,61344,0.0,0.0
146.97,146.97,146.93,146.96,39226,0.0,0.0
146.96,147.01,146.93,146.99,45744,0.0,0.0
146.97,147.01,146.85,146.93,84752,0.0,0.0
146.93,147.0,146.88,146.99,40229,0.0,0.0
146.99,147.02,146.97,146.97,39843,0.0,0.0
146.98,146.99,146.94,146.99,41464,0.0,0.0
147.0,147.01,146.93,146.94,53939,0.0,0.0
146.93,146.96,146.88,146.95,43345,0.0,0.0
146.96,146.96,146.93,146.93,26422,0.0,0.0
146.94,147.0,146.93,146.99,42586,0.0,0.0
146.99,147.01,146.93,146.96,33590,0.0,0.0
146.96,146.96,146.72,146.74,115668,0.0,0.0
146.72,146.96,146.71,146.94,103238,0.0,0.0
146.95,146.97,146.88,146.9,49128,0.0,0.0
146.91,146.95,146.91,146.95,35393,0.0,0.0
146.94,146.94,146.81,146.84,43783,0.0,0.0
146.84,146.88,146.74,146.74,82138,0.0,0.0
146.74,146.76,146.7,146.75,52866,0.0,0.0
146.75,146.76,146.72,146.74,39294,0.0,0.0
146.74,146.76,146.73,146.75,47907,0.0,0.0
146.75,146.76,146.73,146.75,48310,0.0,0.0
146.75,146.76,146.72,146.76,33070,0.0,0.0
146.75,146.76,146.68,146.73,63651,0.0,0.0
146.71,146.76,146.71,146.75,29144,0.0,0.0
146.74,146.76,146.73,146.75,25028,0.0,0.0
146.74,146.76,146.71,146.73,25969,0.0,0.0
146.73,146.73,146.48,146.49,174928,0.0,0.0
146.49,146.52,146.47,146.5,119530,0.0,0.0
146.51,146.51,146.45,146.49,51886,0.0,0.0
146.49,146.51,146.45,146.49,43979,0.0,0.0
146.49,146.49,146.45,146.47,50857,0.0,0.0
146.48,146.5,146.46,146.5,45600,0.0,0.0
146.5,146.52,146.37,146.37,77249,0.0,0.0
146.37,146.37,146.27,146.35,112267,0.0,0.0
146.35,146.35,146.01,146.05,240435,0.0,0.0
146.04,146.07,145.98,146.01,206540,0.0,0.0
146.01,146.24,145.99,146.23,114512,0.0,0.0
146.23,146.42,146.23,146.42,92474,0.0,0.0
146.42,146.48,146.4,146.42,80741,0.0,0.0
146.42,146.54,146.4,146.5,95313,0.0,0.0
146.5,146.52,146.42,146.47,49471,0.0,0.0
146.46,146.49,146.41,146.48,53328,0.0,0.0
146.49,146.62,146.48,146.61,86803,0.0,0.0
146.61,146.62,146.54,146.56,63306,0.0,0.0
146.56,146.62,146.55,146.58,85380,0.0,0.0
146.59,146.62,146.57,146.62,56861,0.0,0.0
146.62,146.67,146.62,146.65,57809,0.0,0.0
146.65,146.66,146.61,146.65,58058,0.0,0.0
146.65,146.71,146.65,146.71,49740,0.0,0.0
146.7,146.73,146.68,146.72,54632,0.0,0.0
146.72,146.73,146.68,146.72,49961,0.0,0.0
146.71,146.74,146.64,146.74,57625,0.0,0.0
146.74,146.82,146.74,146.81,83393,0.0,0.0
146.8,146.87,146.78,146.84,72464,0.0,0.0
146.84,146.85,146.77,146.84,71026,0.0,0.0
146.85,146.86,146.8,146.8,42919,0.0,0.0
146.8,146.8,146.73,146.77,56848,0.0,0.0
146.76,146.83,146.74,146.82,51835,0.0,0.0
146.83,146.84,146.79,146.79,48774,0.0,0.0
146.79,146.8,146.77,146.79,50078,0.0,0.0
146.79,146.81,146.7,146.73,115015,0.0,0.0
146.73,146.79,146.68,146.71,60968,0.0,0.0
146.72,146.88,146.72,146.88,103857,0.0,0.0
146.88,146.89,146.82,146.82,100578,0.0,0.0
146.81,146.82,146.67,146.68,85424,0.0,0.0
146.68,146.71,146.58,146.59,90269,0.0,0.0
146.6,146.62,146.49,146.51,106776,0.0,0.0
146.5,146.51,146.42,146.45,117808,0.0,0.0
146.45,146.54,146.41,146.49,110152,0.0,0.0
146.49,146.58,146.49,146.54,80251,0.0,0.0
146.53,146.54,146.48,146.49,63892,0.0,0.0
146.48,146.57,146.45,146.56,128033,0.0,0.0
146.56,146.67,146.51,146.66,85708,0.0,0.0
146.66,146.68,146.61,146.66,66477,0.0,0.0
146.65,146.66,146.59,146.62,80439,0.0,0.0
146.61,146.67,146.59,146.66,61509,0.0,0.0
146.66,146.68,146.62,146.62,55509,0.0,0.0
146.62,146.64,146.55,146.62,112458,0.0,0.0
146.61,146.63,146.53,146.59,63716,0.0,0.0
146.59,146.62,146.54,146.57,70408,0.0,0.0
146.56,146.62,146.54,146.61,95079,0.0,0.0
146.61,146.71,146.6,146.7,119698,0.0,0.0
146.71,146.88,146.71,146.87,213298,0.0,0.0
146.86,146.88,146.71,146.88,133381,0.0,0.0
146.87,146.88,146.73,146.76,99260,0.0,0.0
146.76,146.8,146.72,146.76,96517,0.0,0.0
146.76,146.87,146.7,146.87,178116,0.0,0.0
146.86,146.9,146.7,146.72,186045,0.0,0.0
146.72,146.86,146.72,146.86,158192,0.0,0.0
146.85,146.87,146.76,146.81,264879,0.0,0.0
146.81,146.82,146.76,146.77,371481,0.0,0.0
146.77,146.88,146.72,146.87,833306,0.0,0.0
145.48,146.0,145.4,145.95,1117834,0.0,0.0
145.95,146.17,145.75,145.76,265223,0.0,0.0
145.73,146.14,145.66,145.86,161600,0.0,0.0
145.89,145.89,145.65,145.7,143492,0.0,0.0
145.72,145.79,145.46,145.53,1163930,0.0,0.0
145.55,145.88,145.44,145.87,213009,0.0,0.0
145.88,145.89,145.54,145.68,192967,0.0,0.0
145.67,145.82,145.61,145.78,141454,0.0,0.0
145.77,145.91,145.68,145.83,271907,0.0,0.0
145.82,145.94,145.69,145.94,183823,0.0,0.0
145.93,146.05,145.79,145.99,127881,0.0,0.0
145.98,146.1,145.89,146.08,143744,0.0,0.0
146.09,146.19,145.92,146.18,170289,0.0,0.0
146.16,146.53,146.11,146.53,223889,0.0,0.0
146.52,146.72,146.45,146.71,236827,0.0,0.0
146.71,146.71,146.37,146.44,223747,0.0,0.0
146.43,146.49,146.2,146.22,124317,0.0,0.0
146.21,146.22,146.01,146.09,258466,0.0,0.0
146.1,146.14,146.0,146.01,142139,0.0,0.0
146.02,146.22,146.0,146.17,151788,0.0,0.0
146.15,146.23,146.09,146.12,134069,0.0,0.0
146.13,146.23,145.87,145.96,184844,0.0,0.0
145.97,146.01,145.84,145.87,95134,0.0,0.0
145.86,145.94,145.7,145.74,166885,0.0,0.0
145.76,145.8,145.68,145.72,99141,0.0,0.0
145.71,145.89,145.71,145.79,90520,0.0,0.0
145.81,145.84,145.72,145.8,69600,0.0,0.0
145.8,145.8,145.7,145.74,86944,0.0,0.0
145.75,145.91,145.68,145.91,69054,0.0,0.0
145.91,146.06,145.91,145.95,118173,0.0,0.0
145.95,146.28,145.94,146.21,237677,0.0,0.0
146.19,146.35,146.12,146.31,161022,0.0,0.0
146.32,146.34,145.97,145.98,164338,0.0,0.0
146.0,146.23,146.0,146.09,135278,0.0,0.0
146.1,146.2,146.02,146.18,136138,0.0,0.0
146.19,146.34,146.01,146.32,125026,0.0,0.0
146.32,146.61,146.27,146.6,203728,0.0,0.0
146.59,146.82,146.58,146.82,198949,0.0,0.0
146.8,146.93,146.69,146.77,358283,0.0,0.0
146.8,147.01,146.77,146.86,210260,0.0,0.0
146.86,146.86,146.6,146.73,99885,0.0,0.0
146.73,146.9,146.72,146.89,54179,0.0,0.0
146.89,147.0,146.87,146.89,111044,0.0,0.0
146.88,146.9,146.68,146.87,109913,0.0,0.0
146.87,147.02,146.73,146.79,198829,0.0,0.0
146.8,147.04,146.76,146.89,165226,0.0,0.0
146.91,147.19,146.89,147.19,230623,0.0,0.0
147.18,147.24,147.0,147.12,134161,0.0,0.0
147.12,147.12,147.02,147.06,56888,0.0,0.0
147.06,147.09,146.97,147.02,118046,0.0,0.0
147.03,147.04,146.88,146.91,75527,0.0,0.0
146.92,147.05,146.9,146.97,91524,0.0,0.0
146.97,147.09,146.96,146.99,130574,0.0,0.0
147.0,147.06,146.83,146.96,74850,0.0,0.0
146.96,147.1,146.92,147.04,103978,0.0,0.0
147.02,147.03,146.67,146.79,185341,0.0,0.0
146.79,146.85,146.7,146.81,77227,0.0,0.0
146.83,146.96,146.79,146.89,62129,0.0,0.0
146.9,147.0,146.9,146.96,68077,0.0,0.0
146.97,146.97,146.84,146.86,43094,0.0,0.0
146.86,146.92,146.78,146.79,88454,0.0,0.0
146.79,146.79,146.55,146.63,113551,0.0,0.0
146.65,146.77,146.62,146.74,53906,0.0,0.0
146.73,146.74,146.61,146.64,51552,0.0,0.0
146.64,146.66,146.51,146.52,98775,0.0,0.0
146.53,146.54,146.43,146.46,112161,0.0,0.0
146.47,146.5,146.4,146.4,66004,0.0,0.0
146.4,146.4,146.15,146.25,129547,0.0,0.0
146.24,146.28,146.15,146.21,72890,0.0,0.0
146.21,146.21,146.07,146.14,85697,0.0,0.0
146.13,146.22,146.09,146.16,67920,0.0,0.0
146.15,146.18,146.07,146.1,68552,0.0,0.0
146.11,146.21,146.03,146.19,74299,0.0,0.0
146.2,146.31,146.15,146.28,89900,0.0,0.0
146.28,146.38,146.25,146.32,76342,0.0,0.0
146.31,146.33,146.21,146.27,51931,0.0,0.0
146.26,146.42,146.25,146.38,86127,0.0,0.0
146.37,146.46,146.35,146.45,79244,0.0,0.0
146.45,146.48,146.38,146.43,63722,0.0,0.0
146.44,146.5,146.39,146.5,47737,0.0,0.0
146.51,146.53,146.46,146.5,66413,0.0,0.0
146.5,146.6,146.49,146.55,86677,0.0,0.0
146.57,146.62,146.51,146.61,181719,0.0,0.0
146.62,146.71,146.57,146.62,152124,0.0,0.0
146.6,146.72,146.6,146.71,109206,0.0,0.0
146.7,146.7,146.6,146.68,68638,0.0,0.0
146.67,146.77,146.67,146.74,54198,0.0,0.0
146.75,146.9,146.7,146.88,94302,0.0,0.0
146.89,146.96,146.87,146.92,95245,0.0,0.0
146.93,146.98,146.86,146.97,79469,0.0,0.0
146.97,147.05,146.77,146.82,155249,0.0,0.0
146.83,146.98,146.8,146.93,71243,0.0,0.0
146.95,146.95,146.86,146.86,53131,0.0,0.0
146.85,146.86,146.62,146.71,66840,0.0,0.0
146.71,146.8,146.67,146.77,33854,0.0,0.0
146.75,146.77,146.56,146.6,95355,0.0,0.0
146.6,146.7,146.6,146.67,38304,0.0,0.0
146.68,146.77,146.64,146.65,55891,0.0,0.0
146.65,146.68,146.59,146.66,55682,0.0,0.0
146.68,146.71,146.6,146.63,44746,0.0,0.0
146.64,146.66,146.58,146.59,38230,0.0,0.0
146.59,146.76,146.59,146.75,45779,0.0,0.0
146.74,146.74,146.58,146.59,79158,0.0,0.0
146.59,146.65,146.57,146.61,42309,0.0,0.0
146.62,146.71,146.57,146.69,45148,0.0,0.0
146.68,146.71,146.48,146.55,103116,0.0,0.0
146.55,146.6,146.44,146.51,133769,0.0,0.0
146.5,146.51,146.37,146.38,84884,0.0,0.0
146.38,146.48,146.38,146.41,62376,0.0,0.0
146.43,146.53,146.42,146.51,39359,0.0,0.0
146.52,146.53,146.43,146.49,50193,0.0,0.0
146.5,146.57,146.48,146.52,25938,0.0,0.0
146.52,146.59,146.51,146.54,37939,0.0,0.0
146.55,146.59,146.52,146.58,26913,0.0,0.0
146.57,146.63,146.57,146.62,31399,0.0,0.0
146.62,146.62,146.48,146.48,55471,0.0,0.0
146.49,146.7,146.46,146.7,126531,0.0,0.0
146.7,146.74,146.65,146.73,53222,0.0,0.0
146.75,146.88,146.59,146.63,133967,0.0,0.0
146.62,146.74,146.59,146.74,44758,0.0,0.0
146.75,146.85,146.74,146.78,59195,0.0,0.0
146.79,146.88,146.79,146.82,44533,0.0,0.0
146.84,146.92,146.82,146.83,67901,0.0,0.0
146.83,146.87,146.71,146.72,45646,0.0,0.0
146.71,146.86,146.66,146.85,82469,0.0,0.0
146.87,146.87,146.78,146.8,35708,0.0,0.0
146.8,146.85,146.78,146.82,34437,0.0,0.0
146.81,146.81,146.57,146.58,72375,0.0,0.0
146.56,146.58,146.43,146.47,109564,0.0,0.0
146.47,146.64,146.47,146.62,47966,0.0,0.0
146.62,146.63,146.51,146.54,64818,0.0,0.0
146.55,146.61,146.55,146.57,29035,0.0,0.0
146.59,146.62,146.53,146.57,45567,0.0,0.0
146.57,146.6,146.54,146.56,39694,0.0,0.0
146.57,146.7,146.55,146.7,30020,0.0,0.0
146.7,146.76,146.53,146.57,63580,0.0,0.0
146.56,146.68,146.54,146.59,55859,0.0,0.0
146.59,146.66,146.55,146.6,35488,0.0,0.0
146.59,146.67,146.55,146.6,68680,0.0,0.0
146.6,146.64,146.56,146.57,44567,0.0,0.0
146.55,146.63,146.55,146.6,37216,0.0,0.0
146.6,146.6,146.47,146.5,64238,0.0,0.0
146.47,146.5,146.42,146.49,43781,0.0,0.0
146.48,146.62,146.48,146.59,58112,0.0,0.0
146.6,146.71,146.6,146.71,54087,0.0,0.0
146.71,146.8,146.68,146.79,55766,0.0,0.0
146.79,146.86,146.75,146.76,62662,0.0,0.0
146.76,146.76,146.67,146.71,52517,0.0,0.0
146.71,146.75,146.65,146.7,41875,0.0,0.0
146.7,146.75,146.7,146.75,29590,0.0,0.0
146.74,146.76,146.69,146.7,27578,0.0,0.0
146.71,146.73,146.61,146.63,34540,0.0,0.0
146.63,146.71,146.59,146.59,37602,0.0,0.0
146.59,146.8,146.59,146.79,48712,0.0,0.0
146.78,146.84,146.71,146.72,54084,0.0,0.0
146.7,146.78,146.66,146.75,50454,0.0,0.0
146.76,146.82,146.73,146.81,45640,0.0,0.0
146.79,146.85,146.76,146.79,32984,0.0,0.0
146.78,146.9,146.77,146.84,55614,0.0,0.0
146.86,146.86,146.76,146.78,30809,0.0,0.0
146.78,146.8,146.71,146.73,34933,0.0,0.0
146.73,146.85,146.72,146.8,36075,0.0,0.0
146.81,146.85,146.76,146.76,46381,0.0,0.0
146.77,146.8,146.64,146.7,53432,0.0,0.0
146.71,146.71,146.58,146.61,56341,0.0,0.0
146.61,146.69,146.48,146.69,92461,0.0,0.0
146.68,146.86,146.67,146.85,106503,0.0,0.0
146.85,147.01,146.85,146.96,173283,0.0,0.0
146.97,147.02,146.88,146.92,141912,0.0,0.0
146.92,147.01,146.92,146.96,141815,0.0,0.0
146.97,147.02,146.93,146.95,119901,0.0,0.0
146.94,146.98,146.9,146.9,113176,0.0,0.0
146.9,146.99,146.89,146.95,144682,0.0,0.0
146.96,147.0,146.94,146.95,49530,0.0,0.0
146.96,147.03,146.9,147.03,50694,0.0,0.0
147.01,147.1,147.01,147.05,62454,0.0,0.0
147.05,147.12,147.05,147.06,50402,0.0,0.0
147.07,147.08,147.03,147.07,38122,0.0,0.0
147.05,147.23,147.04,147.18,111917,0.0,0.0
147.18,147.31,147.18,147.23,108809,0.0,0.0
147.23,147.27,147.19,147.21,47905,0.0,0.0
147.21,147.28,147.19,147.28,40840,0.0,0.0
147.28,147.28,147.22,147.23,66767,0.0,0.0
147.21,147.26,147.11,147.12,63077,0.0,0.0
147.12,147.12,147.0,147.1,47119,0.0,0.0
147.12,147.14,146.99,147.02,73613,0.0,0.0
147.02,147.06,146.99,147.0,50529,0.0,0.0
147.02,147.07,147.0,147.01,34955,0.0,0.0
147.01,147.1,147.01,147.09,47980,0.0,0.0
147.09,147.09,147.01,147.02,29589,0.0,0.0
147.02,147.05,146.99,147.01,62629,0.0,0.0
147.0,147.07,146.99,147.06,45322,0.0,0.0
147.06,147.11,147.02,147.02,44621,0.0,0.0
147.02,147.04,146.97,147.04,43197,0.0,0.0
147.03,147.08,147.01,147.06,24967,0.0,0.0
147.07,147.1,147.02,147.04,34809,0.0,0.0
147.04,147.08,146.99,147.07,39068,0.0,0.0
147.07,147.12,147.04,147.1,30398,0.0,0.0
147.11,147.13,147.09,147.12,21268,0.0,0.0
147.12,147.14,147.05,147.05,64249,0.0,0.0
147.06,147.12,147.02,147.09,32747,0.0,0.0
147.1,147.15,147.02,147.07,35613,0.0,0.0
147.07,147.08,147.01,147.04,27990,0.0,0.0
147.04,147.11,147.04,147.1,30356,0.0,0.0
147.1,147.13,147.05,147.07,23911,0.0,0.0
147.08,147.12,147.08,147.09,25504,0.0,0.0
147.09,147.09,147.04,147.06,33049,0.0,0.0
147.07,147.1,147.04,147.04,51427,0.0,0.0
147.05,147.07,147.01,147.06,41987,0.0,0.0
147.06,147.13,147.04,147.1,36531,0.0,0.0
147.1,147.12,147.04,147.07,27141,0.0,0.0
147.07,147.11,147.06,147.09,24267,0.0,0.0
147.09,147.16,147.09,147.11,39358,0.0,0.0
147.1,147.1,146.94,146.97,85812,0.0,0.0
146.99,147.05,146.95,147.04,35813,0.0,0.0
147.04,147.1,147.03,147.1,38666,0.0,0.0
147.1,147.1,147.0,147.0,44057,0.0,0.0
147.0,147.1,147.0,147.05,27756,0.0,0.0
147.05,147.05,147.01,147.02,22024,0.0,0.0
147.01,147.04,146.97,147.03,32610,0.0,0.0
147.02,147.1,147.02,147.08,48712,0.0,0.0
147.07,147.15,147.04,147.13,58154,0.0,0.0
147.15,147.17,147.11,147.12,33057,0.0,0.0
147.13,147.13,147.05,147.11,34165,0.0,0.0
147.12,147.21,147.11,147.21,47670,0.0,0.0
147.2,147.27,147.2,147.24,52277,0.0,0.0
147.24,147.26,147.22,147.26,31157,0.0,0.0
147.26,147.26,147.18,147.2,39627,0.0,0.0
147.2,147.21,147.15,147.2,35258,0.0,0.0
147.21,147.21,147.16,147.18,28196,0.0,0.0
147.17,147.17,147.06,147.11,50420,0.0,0.0
147.13,147.17,147.13,147.16,32684,0.0,0.0
147.16,147.22,147.13,147.2,40333,0.0,0.0
147.21,147.23,147.2,147.2,28038,0.0,0.0
147.21,147.27,147.21,147.27,49192,0.0,0.0
147.27,147.28,147.21,147.23,25495,0.0,0.0
147.22,147.27,147.21,147.24,32150,0.0,0.0
147.25,147.28,147.22,147.27,24934,0.0,0.0
147.26,147.35,147.24,147.24,70513,0.0,0.0
147.25,147.3,147.25,147.27,19937,0.0,0.0
147.27,147.32,147.24,147.27,62754,0.0,0.0
147.26,147.3,147.24,147.26,35121,0.0,0.0
147.26,147.34,147.26,147.33,41586,0.0,0.0
147.33,147.34,147.25,147.29,48098,0.0,0.0
147.29,147.31,147.25,147.29,24032,0.0,0.0
147.3,147.35,147.26,147.35,59942,0.0,0.0
147.35,147.38,147.34,147.36,48784,0.0,0.0
147.36,147.38,147.34,147.35,29149,0.0,0.0
147.35,147.37,147.3,147.33,40031,0.0,0.0
147.32,147.35,147.27,147.29,27335,0.0,0.0
147.29,147.29,147.21,147.26,50486,0.0,0.0
147.26,147.26,147.17,147.17,58205,0.0,0.0
147.17,147.19,147.13,147.15,42127,0.0,0.0
147.16,147.27,147.16,147.24,29050,0.0,0.0
147.24,147.24,147.19,147.22,27048,0.0,0.0
147.22,147.22,147.16,147.2,30693,0.0,0.0
147.2,147.28,147.18,147.25,35347,0.0,0.0
147.26,147.27,147.23,147.26,38344,0.0,0.0
147.26,147.26,147.22,147.24,40518,0.0,0.0
147.24,147.26,147.17,147.21,39912,0.0,0.0
147.21,147.24,147.19,147.21,27314,0.0,0.0
147.22,147.23,147.18,147.19,27109,0.0,0.0
147.19,147.26,147.17,147.24,39624,0.0,0.0
147.24,147.24,147.2,147.21,23618,0.0,0.0
147.21,147.26,147.2,147.23,24392,0.0,0.0
147.24,147.24,147.21,147.23,27695,0.0,0.0
147.22,147.26,147.18,147.26,25433,0.0,0.0
147.26,147.33,147.26,147.33,53566,0.0,0.0
147.33,147.39,147.32,147.39,55254,0.0,0.0
147.39,147.42,147.36,147.4,49421,0.0,0.0
147.41,147.42,147.38,147.42,57147,0.0,0.0
147.43,147.44,147.4,147.42,43118,0.0,0.0
147.42,147.43,147.37,147.41,27412,0.0,0.0
147.41,147.46,147.38,147.46,46130,0.0,0.0
147.45,147.54,147.45,147.54,177748,0.0,0.0
147.54,147.54,147.47,147.47,83602,0.0,0.0
147.47,147.56,147.47,147.51,170557,0.0,0.0
147.51,147.57,147.49,147.55,62108,0.0,0.0
147.55,147.56,147.49,147.54,50783,0.0,0.0
147.54,147.55,147.47,147.49,33474,0.0,0.0
147.49,147.5,147.44,147.48,51965,0.0,0.0
147.49,147.53,147.47,147.52,57012,0.0,0.0
147.52,147.53,147.45,147.48,69719,0.0,0.0
147.47,147.51,147.45,147.46,38657,0.0,0.0
147.46,147.52,147.43,147.51,46397,0.0,0.0
147.52,147.59,147.52,147.57,217980,0.0,0.0
147.57,147.61,147.55,147.59,62777,0.0,0.0
147.59,147.62,147.55,147.57,53342,0.0,0.0
147.56,147.56,147.5,147.51,40248,0.0,0.0
147.51,147.52,147.45,147.47,36492,0.0,0.0
147.46,147.49,147.42,147.48,32761,0.0,0.0
147.48,147.48,147.35,147.39,72118,0.0,0.0
147.39,147.44,147.39,147.43,36556,0.0,0.0
147.43,147.47,147.4,147.4,49603,0.0,0.0
147.4,147.45,147.4,147.4,34288,0.0,0.0
147.4,147.42,147.36,147.38,23307,0.0,0.0
147.38,147.42,147.38,147.41,42031,0.0,0.0
147.4,147.42,147.38,147.38,33599,0.0,0.0
147.38,147.48,147.38,147.45,42244,0.0,0.0
147.46,147.5,147.46,147.48,45480,0.0,0.0
147.49,147.52,147.47,147.49,52139,0.0,0.0
147.49,147.53,147.46,147.49,46711,0.0,0.0
147.49,147.56,147.48,147.54,44664,0.0,0.0
147.54,147.59,147.53,147.54,53072,0.0,0.0
147.54,147.54,147.48,147.51,48886,0.0,0.0
147.51,147.52,147.46,147.52,55834,0.0,0.0
147.52,147.57,147.52,147.57,46660,0.0,0.0
147.57,147.57,147.55,147.57,29671,0.0,0.0
147.57,147.57,147.53,147.55,33801,0.0,0.0
147.55,147.6,147.55,147.59,29155,0.0,0.0
147.59,147.64,147.59,147.62,53738,0.0,0.0
147.62,147.67,147.61,147.64,65865,0.0,0.0
147.64,147.67,147.61,147.65,54582,0.0,0.0
147.65,147.67,147.59,147.66,44868,0.0,0.0
147.66,147.72,147.65,147.72,58268,0.0,0.0
147.71,147.73,147.65,147.68,60887,0.0,0.0
147.68,147.74,147.65,147.73,53173,0.0,0.0
147.73,147.76,147.7,147.75,58758,0.0,0.0
147.76,147.79,147.75,147.78,50193,0.0,0.0
147.79,147.8,147.76,147.77,51666,0.0,0.0
147.77,147.84,147.76,147.83,77775,0.0,0.0
147.82,147.82,147.74,147.77,52035,0.0,0.0
147.76,147.79,147.73,147.77,45284,0.0,0.0
147.77,147.78,147.7,147.71,61392,0.0,0.0
147.7,147.76,147.69,147.7,68331,0.0,0.0
147.7,147.76,147.66,147.75,54684,0.0,0.0
147.76,147.76,147.62,147.64,58405,0.0,0.0
147.65,147.69,147.62,147.68,32756,0.0,0.0
147.68,147.72,147.67,147.72,33188,0.0,0.0
147.71,147.74,147.69,147.73,44551,0.0,0.0
147.74,147.74,147.66,147.66,45271,0.0,0.0
147.66,147.73,147.65,147.67,57291,0.0,0.0
147.67,147.67,147.6,147.62,77043,0.0,0.0
147.61,147.61,147.54,147.57,49530,0.0,0.0
147.57,147.6,147.54,147.59,35396,0.0,0.0
147.59,147.62,147.51,147.55,56799,0.0,0.0
147.57,147.59,147.5,147.54,76984,0.0,0.0
147.54,147.64,147.5,147.64,106875,0.0,0.0
147.64,147.73,147.6,147.71,67364,0.0,0.0
147.72,147.74,147.62,147.63,65392,0.0,0.0
147.63,147.67,147.56,147.62,53774,0.0,0.0
147.63,147.65,147.58,147.6,38026,0.0,0.0
147.6,147.68,147.6,147.68,26558,0.0,0.0
147.68,147.71,147.66,147.67,39541,0.0,0.0
147.67,147.71,147.66,147.71,42385,0.0,0.0
147.7,147.75,147.64,147.71,78795,0.0,0.0
147.71,147.71,147.66,147.68,35985,0.0,0.0
147.66,147.68,147.65,147.66,31113,0.0,0.0
147.67,147.67,147.61,147.65,46355,0.0,0.0
147.65,147.65,147.6,147.62,41876,0.0,0.0
147.61,147.62,147.54,147.54,36677,0.0,0.0
147.54,147.58,147.53,147.57,55577,0.0,0.0
147.58,147.61,147.54,147.55,63478,0.0,0.0
147.54,147.56,147.44,147.55,95634,0.0,0.0
147.54,147.54,147.5,147.52,47930,0.0,0.0
147.52,147.54,147.51,147.54,30881,0.0,0.0
147.53,147.55,147.5,147.51,59894,0.0,0.0
147.52,147.55,147.51,147.54,41525,0.0,0.0
147.54,147.56,147.51,147.52,46783,0.0,0.0
147.53,147.54,147.5,147.52,35976,0.0,0.0
147.52,147.56,147.45,147.48,103544,0.0,0.0
147.48,147.52,147.47,147.51,57946,0.0,0.0
147.51,147.52,147.45,147.49,57081,0.0,0.0
147.49,147.49,147.42,147.43,55977,0.0,0.0
147.42,147.49,147.4,147.47,87141,0.0,0.0
147.48,147.5,147.44,147.49,76109,0.0,0.0
147.49,147.51,147.46,147.5,79955,0.0,0.0
147.49,147.55,147.48,147.51,112457,0.0,0.0
147.51,147.54,147.48,147.51,78489,0.0,0.0
147.51,147.52,147.45,147.48,77598,0.0,0.0
147.48,147.5,147.4,147.42,77668,0.0,0.0
147.41,147.43,147.37,147.38,78392,0.0,0.0
147.38,147.38,147.26,147.29,143535,0.0,0.0
147.29,147.32,147.27,147.27,92336,0.0,0.0
147.27,147.31,147.26,147.27,71365,0.0,0.0
147.26,147.26,147.15,147.24,169591,0.0,0.0
147.23,147.28,147.22,147.26,129261,0.0,0.0
147.26,147.29,147.22,147.25,100731,0.0,0.0
147.24,147.27,147.23,147.24,70018,0.0,0.0
147.24,147.25,147.17,147.18,80457,0.0,0.0
147.18,147.4,147.16,147.4,220107,0.0,0.0
147.39,147.48,147.38,147.38,145400,0.0,0.0
147.38,147.38,147.27,147.27,140102,0.0,0.0
147.27,147.38,147.27,147.35,129062,0.0,0.0
147.35,147.41,147.21,147.35,259118,0.0,0.0
147.37,147.46,147.28,147.29,224150,0.0,0.0
147.29,147.39,147.29,147.37,667789,0.0,0.0
147.38,147.45,147.36,147.43,234416,0.0,0.0
147.43,147.46,147.39,147.4,296415,0.0,0.0
147.4,147.47,147.35,147.41,1115293,0.0,0.0
144.75,144.77,144.63,144.64,2099162,0.0,0.0
144.54,144.67,144.27,144.31,596331,0.0,0.0
144.3,144.34,143.9,143.98,730365,0.0,0.0
143.97,144.66,143.94,144.64,611357,0.0,0.0
144.68,144.79,144.05,144.13,506727,0.0,0.0
144.13,144.2,143.64,143.76,640702,0.0,0.0
143.74,143.98,143.69,143.85,374738,0.0,0.0
143.89,144.44,143.82,144.02,413765,0.0,0.0
144.02,144.3,143.94,144.3,336113,0.0,0.0
144.3,144.41,144.25,144.32,269547,0.0,0.0
144.32,144.45,144.1,144.33,290083,0.0,0.0
144.32,144.79,144.18,144.66,382752,0.0,0.0
144.65,144.82,144.37,144.79,313421,0.0,0.0
144.79,144.84,144.63,144.73,404314,0.0,0.0
144.73,144.87,144.66,144.87,220487,0.0,0.0
144.87,145.03,144.83,144.95,260663,0.0,0.0
144.93,145.05,144.75,144.86,195359,0.0,0.0
144.8,145.05,144.76,144.97,167865,0.0,0.0
144.97,145.09,144.91,144.95,257515,0.0,0.0
144.94,145.08,144.79,144.9,239742,0.0,0.0
144.9,145.09,144.84,144.91,223664,0.0,0.0
144.91,145.05,144.87,144.95,147697,0.0,0.0
144.94,145.02,144.87,144.99,141873,0.0,0.0
145.0,145.09,144.99,145.06,160421,0.0,0.0
145.06,145.07,144.91,144.96,162923,0.0,0.0
144.95,144.96,144.72,144.8,179386,0.0,0.0
144.8,144.81,144.48,144.55,267594,0.0,0.0
144.55,144.56,144.29,144.3,155879,0.0,0.0
144.32,144.58,144.27,144.48,152574,0.0,0.0
144.46,144.74,144.45,144.58,141729,0.0,0.0
144.6,144.93,144.58,144.9,196572,0.0,0.0
144.88,144.96,144.69,144.78,146442,0.0,0.0
144.77,144.8,144.66,144.79,125912,0.0,0.0
144.78,144.78,144.59,144.66,113320,0.0,0.0
144.68,144.69,144.53,144.63,111803,0.0,0.0
144.64,144.74,144.54,144.71,111730,0.0,0.0
144.71,144.84,144.69,144.76,122782,0.0,0.0
144.74,144.75,144.52,144.53,144984,0.0,0.0
144.52,144.77,144.49,144.76,151049,0.0,0.0
144.75,144.9,144.61,144.9,116502,0.0,0.0
144.9,144.95,144.67,144.71,101996,0.0,0.0
144.71,144.81,144.6,144.78,101355,0.0,0.0
144.77,144.77,144.6,144.7,92602,0.0,0.0
144.71,144.77,144.59,144.77,102084,0.0,0.0
144.77,144.81,144.61,144.63,68292,0.0,0.0
144.63,144.65,144.56,144.63,94212,0.0,0.0
144.63,144.77,144.58,144.77,106723,0.0,0.0
144.76,144.79,144.63,144.66,138910,0.0,0.0
144.67,144.73,144.49,144.73,149983,0.0,0.0
144.72,144.74,144.53,144.61,65209,0.0,0.0
144.61,144.67,144.42,144.49,100749,0.0,0.0
144.49,144.67,144.49,144.49,65733,0.0,0.0
144.47,144.51,144.35,144.49,104259,0.0,0.0
144.48,144.48,144.28,144.36,137145,0.0,0.0
144.36,144.36,144.26,144.26,113274,0.0,0.0
144.26,144.28,144.14,144.14,132929,0.0,0.0
144.14,144.19,144.14,144.17,78739,0.0,0.0
144.16,144.31,144.13,144.26,81325,0.0,0.0
144.27,144.27,144.13,144.19,81923,0.0,0.0
144.19,144.23,144.05,144.08,96065,0.0,0.0
144.08,144.09,143.93,144.07,227936,0.0,0.0
144.08,144.24,144.06,144.18,100372,0.0,0.0
144.17,144.42,144.15,144.4,125405,0.0,0.0
144.4,144.47,144.31,144.47,115668,0.0,0.0
144.46,144.55,144.45,144.48,94017,0.0,0.0
144.47,144.48,144.37,144.37,80612,0.0,0.0
144.38,144.53,144.34,144.41,93897,0.0,0.0
144.41,144.44,144.3,144.43,85938,0.0,0.0
144.43,144.45,144.26,144.29,67293,0.0,0.0
144.28,144.44,144.23,144.44,64028,0.0,0.0
144.44,144.44,144.34,144.39,45073,0.0,0.0
144.39,144.48,144.35,144.42,68938,0.0,0.0
144.42,144.55,144.35,144.49,79545,0.0,0.0
144.49,144.71,144.49,144.68,95790,0.0,0.0
144.68,144.79,144.67,144.74,113403,0.0,0.0
144.74,144.92,144.73,144.9,109790,0.0,0.0
144.91,144.92,144.81,144.87,86322,0.0,0.0
144.87,145.02,144.85,144.99,146376,0.0,0.0
144.99,145.07,144.95,144.99,166162,0.0,0.0
145.0,145.01,144.95,144.96,64514,0.0,0.0
144.96,145.03,144.91,144.98,82095,0.0,0.0
144.99,145.03,144.96,145.01,115707,0.0,0.0
145.02,145.03,144.97,145.0,138694,0.0,0.0
145.01,145.02,144.93,144.94,104675,0.0,0.0
144.95,145.0,144.92,144.96,66752,0.0,0.0
144.97,145.05,144.96,145.02,130513,0.0,0.0
145.02,145.04,144.96,145.03,77096,0.0,0.0
145.02,145.05,144.97,144.98,63137,0.0,0.0
144.98,144.98,144.85,144.85,71677,0.0,0.0
144.86,144.91,144.68,144.68,117734,0.0,0.0
144.68,144.75,144.61,144.74,85747,0.0,0.0
144.73,144.75,144.62,144.65,43732,0.0,0.0
144.65,144.74,144.61,144.74,63189,0.0,0.0
144.74,144.8,144.7,144.78,67718,0.0,0.0
144.77,144.82,144.7,144.71,44607,0.0,0.0
144.71,144.73,144.57,144.6,75486,0.0,0.0
144.6,144.62,144.47,144.56,92359,0.0,0.0
144.56,144.71,144.56,144.62,74024,0.0,0.0
144.63,144.63,144.52,144.56,49816,0.0,0.0
144.55,144.57,144.45,144.52,81798,0.0,0.0
144.51,144.51,144.35,144.36,87324,0.0,0.0
144.36,144.44,144.35,144.43,87697,0.0,0.0
144.43,144.52,144.38,144.38,76737,0.0,0.0
144.37,144.4,144.24,144.28,88533,0.0,0.0
144.27,144.34,144.24,144.29,60794,0.0,0.0
144.29,144.43,144.29,144.42,86891,0.0,0.0
144.42,144.66,144.4,144.66,122156,0.0,0.0
144.66,144.75,144.61,144.65,186831,0.0,0.0
144.65,144.67,144.55,144.63,73557,0.0,0.0
144.63,144.78,144.62,144.76,96766,0.0,0.0
144.76,144.79,144.64,144.68,56810,0.0,0.0
144.68,144.7,144.54,144.54,63345,0.0,0.0
144.54,144.66,144.52,144.66,56001,0.0,0.0
144.63,144.85,144.61,144.79,102835,0.0,0.0
144.79,144.86,144.77,144.85,64732,0.0,0.0
144.84,144.88,144.8,144.84,47431,0.0,0.0
144.83,144.86,144.8,144.82,43890,0.0,0.0
144.82,144.92,144.82,144.92,74871,0.0,0.0
144.91,144.95,144.77,144.82,79891,0.0,0.0
144.78,144.84,144.68,144.77,66205,0.0,0.0
144.78,144.84,144.74,144.76,69736,0.0,0.0
144.76,144.84,144.66,144.68,97146,0.0,0.0
144.68,144.8,144.56,144.78,79646,0.0,0.0
144.77,144.77,144.59,144.64,67734,0.0,0.0
144.63,144.73,144.62,144.69,43508,0.0,0.0
144.68,144.73,144.64,144.65,59279,0.0,0.0
144.65,144.74,144.57,144.67,51139,0.0,0.0
144.67,144.87,144.66,144.85,62235,0.0,0.0
144.85,144.89,144.81,144.88,74142,0.0,0.0
144.87,144.91,144.78,144.79,59871,0.0,0.0
144.78,144.83,144.75,144.75,35697,0.0,0.0
144.75,144.77,144.68,144.73,50762,0.0,0.0
144.76,144.87,144.76,144.83,42051,0.0,0.0
144.8,144.86,144.73,144.83,62830,0.0,0.0
144.83,144.86,144.74,144.85,37531,0.0,0.0
144.85,144.89,144.75,144.77,49726,0.0,0.0
144.77,144.84,144.68,144.8,88645,0.0,0.0
144.82,144.84,144.77,144.79,23682,0.0,0.0
144.79,144.81,144.77,144.79,28267,0.0,0.0
144.78,144.86,144.74,144.84,50993,0.0,0.0
144.83,144.96,144.82,144.93,48927,0.0,0.0
144.92,144.97,144.85,144.88,47419,0.0,0.0
144.87,145.01,144.87,144.99,74056,0.0,0.0
144.99,144.99,144.93,144.93,41415,0.0,0.0
144.9,144.98,144.89,144.98,51466,0.0,0.0
144.97,144.98,144.9,144.94,40807,0.0,0.0
144.94,145.04,144.92,145.03,83067,0.0,0.0
145.02,145.04,144.98,145.03,53246,0.0,0.0
145.01,145.04,145.0,145.04,55069,0.0,0.0
145.05,145.22,145.03,145.18,145847,0.0,0.0
145.18,145.18,145.07,145.11,114754,0.0,0.0
145.11,145.13,144.99,145.1,107551,0.0,0.0
145.12,145.2,145.09,145.18,76986,0.0,0.0
145.18,145.33,145.18,145.3,113868,0.0,0.0
145.29,145.35,145.29,145.35,59629,0.0,0.0
145.35,145.42,145.35,145.4,68064,0.0,0.0
145.4,145.5,145.39,145.4,110505,0.0,0.0
145.4,145.41,145.33,145.38,68859,0.0,0.0
145.38,145.41,145.31,145.36,46732,0.0,0.0
145.37,145.39,145.35,145.36,41312,0.0,0.0
145.38,145.38,145.26,145.3,75655,0.0,0.0
145.32,145.35,145.3,145.34,37580,0.0,0.0
145.34,145.35,145.3,145.32,44324,0.0,0.0
145.33,145.37,145.25,145.27,55696,0.0,0.0
145.27,145.31,145.26,145.27,40528,0.0,0.0
145.27,145.29,145.19,145.26,77099,0.0,0.0
145.27,145.29,145.21,145.24,68307,0.0,0.0
145.24,145.35,145.22,145.22,78705,0.0,0.0
145.22,145.26,145.2,145.25,47148,0.0,0.0
145.25,145.34,145.25,145.32,56242,0.0,0.0
145.32,145.4,145.31,145.37,62339,0.0,0.0
145.37,145.38,145.32,145.37,39435,0.0,0.0
145.37,145.4,145.32,145.33,49127,0.0,0.0
145.34,145.34,145.3,145.31,25736,0.0,0.0
145.31,145.35,145.3,145.32,47881,0.0,0.0
145.32,145.32,145.2,145.25,58124,0.0,0.0
145.24,145.24,145.19,145.21,65664,0.0,0.0
145.21,145.35,145.21,145.25,85461,0.0,0.0
145.24,145.26,145.17,145.2,43288,0.0,0.0
145.19,145.24,145.19,145.21,32866,0.0,0.0
145.22,145.29,145.2,145.2,41761,0.0,0.0
145.2,145.26,145.18,145.21,38247,0.0,0.0
145.22,145.23,145.16,145.2,35385,0.0,0.0
145.21,145.23,145.11,145.12,34539,0.0,0.0
145.11,145.15,145.09,145.12,44614,0.0,0.0
145.12,145.18,145.1,145.15,30436,0.0,0.0
145.16,145.22,145.15,145.16,32152,0.0,0.0
145.15,145.16,145.11,145.11,36789,0.0,0.0
145.12,145.16,145.1,145.13,30852,0.0,0.0
145.12,145.25,145.12,145.25,52339,0.0,0.0
145.24,145.25,145.17,145.2,22750,0.0,0.0
145.19,145.19,145.15,145.17,23233,0.0,0.0
145.16,145.17,145.09,145.11,35838,0.0,0.0
145.11,145.12,145.03,145.05,56525,0.0,0.0
145.05,145.07,145.01,145.02,37198,0.0,0.0
145.01,145.07,145.01,145.03,38071,0.0,0.0
145.03,145.13,145.02,145.11,59783,0.0,0.0
145.12,145.13,145.08,145.11,50085,0.0,0.0
145.11,145.17,145.11,145.13,35824,0.0,0.0
145.13,145.3,145.13,145.29,78829,0.0,0.0
145.29,145.33,145.26,145.27,53867,0.0,0.0
145.26,145.3,145.23,145.23,55156,0.0,0.0
145.23,145.37,145.23,145.37,56302,0.0,0.0
145.37,145.5,145.37,145.47,107668,0.0,0.0
145.47,145.56,145.47,145.55,122461,0.0,0.0
145.57,145.59,145.53,145.55,82958,0.0,0.0
145.54,145.56,145.49,145.55,49627,0.0,0.0
145.56,145.6,145.55,145.55,43715,0.0,0.0
145.54,145.55,145.5,145.51,34057,0.0,0.0
145.51,145.54,145.5,145.51,44350,0.0,0.0
145.51,145.57,145.49,145.56,58876,0.0,0.0
145.56,145.62,145.46,145.54,128490,0.0,0.0
145.55,145.8,145.53,145.77,170253,0.0,0.0
145.78,145.93,145.78,145.81,143166,0.0,0.0
145.81,145.94,145.8,145.92,78357,0.0,0.0
145.93,145.95,145.87,145.91,61187,0.0,0.0
145.91,145.93,145.82,145.89,73823,0.0,0.0
145.9,145.91,145.8,145.86,53874,0.0,0.0
145.86,145.86,145.82,145.84,31733,0.0,0.0
145.84,145.88,145.83,145.85,65467,0.0,0.0
145.85,145.88,145.78,145.8,71830,0.0,0.0
145.8,145.83,145.76,145.81,64203,0.0,0.0
145.82,145.84,145.81,145.84,25355,0.0,0.0
145.84,145.87,145.78,145.78,52627,0.0,0.0
145.79,145.79,145.66,145.66,49745,0.0,0.0
145.66,145.76,145.65,145.74,52744,0.0,0.0
145.74,145.77,145.71,145.73,24323,0.0,0.0
145.74,145.87,145.74,145.85,65170,0.0,0.0
145.85,145.97,145.85,145.96,72913,0.0,0.0
145.96,146.07,145.95,146.07,137586,0.0,0.0
146.07,146.18,146.06,146.15,167785,0.0,0.0
146.15,146.16,146.05,146.11,79874,0.0,0.0
146.1,146.15,146.09,146.09,58954,0.0,0.0
146.1,146.11,146.05,146.1,70827,0.0,0.0
146.1,146.12,146.07,146.08,65398,0.0,0.0
146.08,146.1,146.05,146.07,52333,0.0,0.0
146.07,146.11,146.06,146.08,51638,0.0,0.0
146.08,146.11,146.06,146.1,56093,0.0,0.0
146.11,146.15,146.1,146.13,51571,0.0,0.0
146.14,146.14,146.09,146.13,51706,0.0,0.0
146.12,146.19,146.11,146.11,61103,0.0,0.0
146.1,146.15,146.06,146.07,60455,0.0,0.0
146.07,146.11,146.02,146.1,68024,0.0,0.0
146.1,146.12,146.08,146.09,42277,0.0,0.0
146.09,146.11,146.07,146.07,49731,0.0,0.0
146.07,146.12,146.07,146.11,52623,0.0,0.0
146.12,146.12,146.04,146.05,51001,0.0,0.0
146.08,146.12,146.05,146.1,45235,0.0,0.0
146.11,146.11,146.04,146.05,25777,0.0,0.0
146.06,146.09,146.04,146.08,30705,0.0,0.0
146.08,146.09,146.01,146.02,34795,0.0,0.0
146.03,146.05,145.97,145.97,74351,0.0,0.0
145.97,146.01,145.97,145.97,34409,0.0,0.0
145.98,145.99,145.93,145.99,38971,0.0,0.0
145.98,146.0,145.95,145.96,39707,0.0,0.0
145.96,146.01,145.94,145.94,42665,0.0,0.0
145.93,145.96,145.88,145.92,45027,0.0,0.0
145.92,145.94,145.88,145.88,36997,0.0,0.0
145.89,145.99,145.88,145.98,46767,0.0,0.0
145.99,146.03,145.95,146.02,49357,0.0,0.0
146.02,146.06,146.01,146.06,42816,0.0,0.0
146.05,146.12,146.04,146.11,37340,0.0,0.0
146.11,146.16,146.08,146.15,64707,0.0,0.0
146.15,146.16,146.05,146.07,37845,0.0,0.0
146.07,146.1,146.01,146.01,32653,0.0,0.0
146.01,146.07,146.01,146.02,27991,0.0,0.0
146.02,146.04,145.96,145.99,37831,0.0,0.0
145.99,146.02,145.97,145.99,36767,0.0,0.0
145.99,145.99,145.9,145.94,41086,0.0,0.0
145.93,145.98,145.92,145.93,34161,0.0,0.0
145.93,145.94,145.9,145.93,43038,0.0,0.0
145.93,145.95,145.9,145.91,28194,0.0,0.0
145.91,145.93,145.87,145.93,52266,0.0,0.0
145.91,145.92,145.85,145.85,56914,0.0,0.0
145.84,145.88,145.79,145.79,83425,0.0,0.0
145.8,145.86,145.74,145.85,72418,0.0,0.0
145.85,145.9,145.82,145.82,48595,0.0,0.0
145.82,145.86,145.8,145.84,39840,0.0,0.0
145.83,145.87,145.77,145.8,51254,0.0,0.0
145.8,145.84,145.79,145.83,53433,0.0,0.0
145.82,145.84,145.8,145.83,34639,0.0,0.0
145.82,145.89,145.82,145.87,59998,0.0,0.0
145.87,145.9,145.84,145.89,51335,0.0,0.0
145.9,145.99,145.9,145.98,84299,0.0,0.0
145.98,145.98,145.9,145.93,47539,0.0,0.0
145.93,145.95,145.86,145.94,48005,0.0,0.0
145.94,145.94,145.81,145.83,49656,0.0,0.0
145.84,145.9,145.83,145.9,39308,0.0,0.0
145.89,145.92,145.83,145.89,48030,0.0,0.0
145.89,145.9,145.79,145.79,70683,0.0,0.0
145.8,145.85,145.78,145.83,43817,0.0,0.0
145.82,145.84,145.79,145.82,29920,0.0,0.0
145.82,145.85,145.79,145.84,50126,0.0,0.0
145.84,145.85,145.78,145.85,34285,0.0,0.0
145.84,145.85,145.75,145.79,38163,0.0,0.0
145.78,145.79,145.74,145.75,49751,0.0,0.0
145.75,145.79,145.72,145.78,78212,0.0,0.0
145.79,145.82,145.77,145.82,49264,0.0,0.0
145.81,145.81,145.74,145.74,37000,0.0,0.0
145.74,145.76,145.7,145.7,61342,0.0,0.0
145.71,145.78,145.7,145.74,57597,0.0,0.0
145.74,145.76,145.69,145.71,58303,0.0,0.0
145.71,145.73,145.66,145.66,34481,0.0,0.0
145.66,145.79,145.66,145.74,58772,0.0,0.0
145.74,145.78,145.72,145.72,27328,0.0,0.0
145.72,145.76,145.71,145.74,38261,0.0,0.0
145.74,145.74,145.67,145.71,44477,0.0,0.0
145.71,145.72,145.66,145.68,47041,0.0,0.0
145.67,145.78,145.67,145.73,44410,0.0,0.0
145.73,145.74,145.68,145.68,46200,0.0,0.0
145.68,145.69,145.63,145.65,33313,0.0,0.0
145.66,145.69,145.65,145.66,30291,0.0,0.0
145.66,145.67,145.62,145.62,29254,0.0,0.0
145.62,145.65,145.59,145.62,38447,0.0,0.0
145.62,145.65,145.6,145.65,45996,0.0,0.0
145.64,145.65,145.59,145.63,30943,0.0,0.0
145.62,145.64,145.57,145.63,47378,0.0,0.0
145.63,145.63,145.57,145.59,31567,0.0,0.0
145.59,145.63,145.56,145.57,60069,0.0,0.0
145.57,145.63,145.56,145.62,56546,0.0,0.0
145.62,145.62,145.54,145.54,43737,0.0,0.0
145.55,145.65,145.54,145.63,38135,0.0,0.0
145.63,145.68,145.61,145.68,36241,0.0,0.0
145.67,145.67,145.63,145.65,37610,0.0,0.0
145.65,145.7,145.65,145.66,47081,0.0,0.0
145.66,145.66,145.58,145.6,44625,0.0,0.0
145.6,145.61,145.57,145.6,47190,0.0,0.0
145.6,145.61,145.57,145.6,40762,0.0,0.0
145.59,145.64,145.57,145.59,53254,0.0,0.0
145.58,145.62,145.51,145.54,93009,0.0,0.0
145.54,145.56,145.44,145.49,148966,0.0,0.0
145.48,145.49,145.39,145.46,87361,0.0,0.0
145.45,145.46,145.4,145.41,61899,0.0,0.0
145.41,145.45,145.4,145.41,54382,0.0,0.0
145.41,145.46,145.4,145.45,66434,0.0,0.0
145.46,145.53,145.45,145.5,52267,0.0,0.0
145.5,145.53,145.46,145.53,61698,0.0,0.0
145.54,145.55,145.5,145.52,72064,0.0,0.0
145.53,145.54,145.48,145.52,50498,0.0,0.0
145.52,145.53,145.43,145.43,42509,0.0,0.0
145.44,145.46,145.4,145.43,69556,0.0,0.0
145.42,145.46,145.41,145.45,43622,0.0,0.0
145.45,145.46,145.37,145.39,77949,0.0,0.0
145.4,145.45,145.4,145.43,33098,0.0,0.0
145.43,145.44,145.39,145.41,45954,0.0,0.0
145.41,145.46,145.4,145.42,44440,0.0,0.0
145.4,145.47,145.39,145.45,62722,0.0,0.0
145.45,145.47,145.41,145.45,56364,0.0,0.0
145.46,145.54,145.46,145.54,92236,0.0,0.0
145.54,145.54,145.47,145.52,66068,0.0,0.0
145.52,145.53,145.44,145.44,57139,0.0,0.0
145.43,145.48,145.41,145.41,62790,0.0,0.0
145.41,145.42,145.32,145.32,83629,0.0,0.0
145.31,145.36,145.28,145.35,74762,0.0,0.0
145.35,145.38,145.32,145.38,69473,0.0,0.0
145.38,145.39,145.34,145.34,64229,0.0,0.0
145.34,145.44,145.34,145.43,78285,0.0,0.0
145.44,145.44,145.25,145.32,142521,0.0,0.0
145.32,145.34,145.23,145.24,69860,0.0,0.0
145.24,145.29,145.21,145.22,86461,0.0,0.0
145.22,145.43,145.22,145.43,165245,0.0,0.0
145.43,145.47,145.4,145.47,93470,0.0,0.0
145.48,145.52,145.44,145.52,89467,0.0,0.0
145.52,145.53,145.44,145.47,75288,0.0,0.0
145.48,145.49,145.44,145.46,66997,0.0,0.0
145.46,145.53,145.44,145.53,94392,0.0,0.0
145.53,145.54,145.52,145.52,95620,0.0,0.0
145.52,145.6,145.51,145.6,114861,0.0,0.0
145.6,145.62,145.54,145.61,79816,0.0,0.0
145.62,145.66,145.61,145.63,76123,0.0,0.0
145.63,145.66,145.62,145.62,53203,0.0,0.0
145.62,145.65,145.61,145.65,78572,0.0,0.0
145.65,145.65,145.62,145.63,68611,0.0,0.0
145.64,145.64,145.57,145.6,85171,0.0,0.0
145.6,145.68,145.6,145.68,105904,0.0,0.0
145.68,145.68,145.61,145.65,111383,0.0,0.0
145.66,145.79,145.66,145.78,152182,0.0,0.0
145.78,145.8,145.74,145.76,147959,0.0,0.0
145.76,145.81,145.72,145.75,145636,0.0,0.0
145.74,145.77,145.72,145.75,134680,0.0,0.0
145.74,145.77,145.66,145.77,160175,0.0,0.0
145.76,145.9,145.75,145.89,193283,0.0,0.0
145.9,145.91,145.85,145.9,171948,0.0,0.0
145.9,145.97,145.9,145.97,138631,0.0,0.0
145.96,146.04,145.77,145.81,335417,0.0,0.0
145.8,145.86,145.76,145.84,188089,0.0,0.0
145.83,145.88,145.78,145.88,262329,0.0,0.0
145.87,145.89,145.8,145.88,313161,0.0,0.0
145.88,145.92,145.85,145.89,243017,0.0,0.0
145.9,145.98,145.88,145.89,576570,0.0,0.0
